state,report_date,as_of_date,self_response,nrfu,enumerated
U.S. Total,2020-08-19,2020-08-18,64,7.6,71.6
Alabama,2020-08-19,2020-08-18,61.3,3.9,65.2
Alaska,2020-08-19,2020-08-18,51.5,18.4,69.9
Arizona,2020-08-19,2020-08-18,60.5,3.7,64.2
Arkansas,2020-08-19,2020-08-18,58.5,9.3,67.7
California,2020-08-19,2020-08-18,65.8,8.8,74.5
Colorado,2020-08-19,2020-08-18,67.4,7.3,74.7
Connecticut,2020-08-19,2020-08-18,68,12,80
Delaware,2020-08-19,2020-08-18,61.5,6.8,68.2
District of Columbia,2020-08-19,2020-08-18,60.4,8.1,68.5
Florida,2020-08-19,2020-08-18,60.7,4.4,65.1
Georgia,2020-08-19,2020-08-18,59.5,4.6,64.1
Hawaii,2020-08-19,2020-08-18,61,16.3,77.3
Idaho,2020-08-19,2020-08-18,68.3,21.7,90
Illinois,2020-08-19,2020-08-18,68.9,10.9,79.9
Indiana,2020-08-19,2020-08-18,68.2,11.1,79.3
Iowa,2020-08-19,2020-08-18,69.1,1.2,70.4
Kansas,2020-08-19,2020-08-18,67.9,14,82
Kentucky,2020-08-19,2020-08-18,66.4,5.1,71.5
Louisiana,2020-08-19,2020-08-18,57.8,9.3,67.1
Maine,2020-08-19,2020-08-18,56.3,22.6,78.9
Maryland,2020-08-19,2020-08-18,68.4,9.9,78.3
Massachusetts,2020-08-19,2020-08-18,66.3,10,76.3
Michigan,2020-08-19,2020-08-18,69.3,3.2,72.5
Minnesota,2020-08-19,2020-08-18,73.1,5.8,78.8
Mississippi,2020-08-19,2020-08-18,58.4,5.7,64.1
Missouri,2020-08-19,2020-08-18,63.9,12.2,76.1
Montana,2020-08-19,2020-08-18,57.4,6,63.4
Nebraska,2020-08-19,2020-08-18,69.5,5.3,74.9
Nevada,2020-08-19,2020-08-18,63,4.3,67.3
New Hampshire,2020-08-19,2020-08-18,63.8,4.7,68.5
New Jersey,2020-08-19,2020-08-18,65.8,5.3,71.2
New Mexico,2020-08-19,2020-08-18,54.4,4.8,59.2
New York,2020-08-19,2020-08-18,59.8,6.6,66.4
North Carolina,2020-08-19,2020-08-18,59.9,4.4,64.3
North Dakota,2020-08-19,2020-08-18,63.3,11.8,75.1
Ohio,2020-08-19,2020-08-18,68.2,6.8,75
Oklahoma,2020-08-19,2020-08-18,58.5,10.1,68.6
Oregon,2020-08-19,2020-08-18,66.7,11.6,78.3
Pennsylvania,2020-08-19,2020-08-18,66.9,8.8,75.7
Rhode Island,2020-08-19,2020-08-18,61.7,6.9,68.5
South Carolina,2020-08-19,2020-08-18,57.9,5.1,63
South Dakota,2020-08-19,2020-08-18,64.8,5.2,70
Tennessee,2020-08-19,2020-08-18,63.3,7.3,70.6
Texas,2020-08-19,2020-08-18,59.2,7,66.2
Utah,2020-08-19,2020-08-18,68.3,6.4,74.6
Vermont,2020-08-19,2020-08-18,57.6,8,65.6
Virginia,2020-08-19,2020-08-18,68.7,6.4,75
Washington,2020-08-19,2020-08-18,70.2,12.5,82.8
West Virginia,2020-08-19,2020-08-18,55.3,26.8,82.1
Wisconsin,2020-08-19,2020-08-18,70.3,8.2,78.5
Wyoming,2020-08-19,2020-08-18,58.3,7.2,65.4
Puerto Rico,2020-08-19,2020-08-18,30.6,21.3,51.9
U.S. Total,2020-08-20,2020-08-19,64.1,8.7,72.8
Alabama,2020-08-20,2020-08-19,61.3,4.8,66.1
Alaska,2020-08-20,2020-08-19,51.7,20.6,72.2
Arizona,2020-08-20,2020-08-19,60.6,4.4,65
Arkansas,2020-08-20,2020-08-19,58.6,11,69.5
California,2020-08-20,2020-08-19,65.9,10,75.9
Colorado,2020-08-20,2020-08-19,67.5,8.3,75.8
Connecticut,2020-08-20,2020-08-19,68.1,13.4,81.5
Delaware,2020-08-20,2020-08-19,61.6,7.9,69.4
District of Columbia,2020-08-20,2020-08-19,60.5,9.4,70
Florida,2020-08-20,2020-08-19,60.8,5.3,66.1
Georgia,2020-08-20,2020-08-19,59.6,5.4,65
Hawaii,2020-08-20,2020-08-19,61.1,18.1,79.2
Idaho,2020-08-20,2020-08-19,68.4,23.4,91.7
Illinois,2020-08-20,2020-08-19,69,12,81.1
Indiana,2020-08-20,2020-08-19,68.3,12.4,80.7
Iowa,2020-08-20,2020-08-19,69.2,1.7,70.9
Kansas,2020-08-20,2020-08-19,68,15.2,83.2
Kentucky,2020-08-20,2020-08-19,66.5,6,72.5
Louisiana,2020-08-20,2020-08-19,57.9,10.3,68.2
Maine,2020-08-20,2020-08-19,56.4,24.6,81
Maryland,2020-08-20,2020-08-19,68.5,11,79.5
Massachusetts,2020-08-20,2020-08-19,66.4,11.1,77.6
Michigan,2020-08-20,2020-08-19,69.4,4.1,73.5
Minnesota,2020-08-20,2020-08-19,73.2,6.9,80
Mississippi,2020-08-20,2020-08-19,58.4,6.9,65.3
Missouri,2020-08-20,2020-08-19,64,13.5,77.5
Montana,2020-08-20,2020-08-19,57.5,7,64.5
Nebraska,2020-08-20,2020-08-19,69.6,6.4,76
Nevada,2020-08-20,2020-08-19,63.1,5.1,68.2
New Hampshire,2020-08-20,2020-08-19,63.9,5.9,69.8
New Jersey,2020-08-20,2020-08-19,66,6.3,72.2
New Mexico,2020-08-20,2020-08-19,54.6,5.8,60.3
New York,2020-08-20,2020-08-19,59.9,7.8,67.7
North Carolina,2020-08-20,2020-08-19,60,5.3,65.3
North Dakota,2020-08-20,2020-08-19,63.3,13.1,76.4
Ohio,2020-08-20,2020-08-19,68.2,7.9,76.1
Oklahoma,2020-08-20,2020-08-19,58.6,11.3,69.9
Oregon,2020-08-20,2020-08-19,66.8,13,79.8
Pennsylvania,2020-08-20,2020-08-19,67,9.9,76.9
Rhode Island,2020-08-20,2020-08-19,61.8,8,69.8
South Carolina,2020-08-20,2020-08-19,58,6.1,64.1
South Dakota,2020-08-20,2020-08-19,64.9,6.1,71
Tennessee,2020-08-20,2020-08-19,63.4,8.6,71.9
Texas,2020-08-20,2020-08-19,59.3,8.2,67.5
Utah,2020-08-20,2020-08-19,68.4,7.6,75.9
Vermont,2020-08-20,2020-08-19,57.7,9.5,67.2
Virginia,2020-08-20,2020-08-19,68.7,7.4,76.1
Washington,2020-08-20,2020-08-19,70.3,13.8,84.1
West Virginia,2020-08-20,2020-08-19,55.3,29.1,84.5
Wisconsin,2020-08-20,2020-08-19,70.4,9.5,79.9
Wyoming,2020-08-20,2020-08-19,58.4,8.6,66.9
Puerto Rico,2020-08-20,2020-08-19,30.8,25.7,56.5
U.S. Total,2020-08-21,2020-08-20,64.2,9.7,73.9
Alabama,2020-08-21,2020-08-20,61.4,5.5,66.9
Alaska,2020-08-21,2020-08-20,51.9,22.3,74.1
Arizona,2020-08-21,2020-08-20,60.7,5.2,65.8
Arkansas,2020-08-21,2020-08-20,58.6,12.6,71.2
California,2020-08-21,2020-08-20,66.1,11.1,77.2
Colorado,2020-08-21,2020-08-20,67.6,9.1,76.6
Connecticut,2020-08-21,2020-08-20,68.2,14.4,82.6
Delaware,2020-08-21,2020-08-20,61.7,8.8,70.4
District of Columbia,2020-08-21,2020-08-20,60.6,10.7,71.3
Florida,2020-08-21,2020-08-20,60.9,6.1,67
Georgia,2020-08-21,2020-08-20,59.6,6.1,65.8
Hawaii,2020-08-21,2020-08-20,61.2,19.2,80.4
Idaho,2020-08-21,2020-08-20,68.4,24.1,92.5
Illinois,2020-08-21,2020-08-20,69.1,12.9,82
Indiana,2020-08-21,2020-08-20,68.4,13.4,81.8
Iowa,2020-08-21,2020-08-20,69.2,2.3,71.6
Kansas,2020-08-21,2020-08-20,68.1,16.1,84.2
Kentucky,2020-08-21,2020-08-20,66.6,6.8,73.4
Louisiana,2020-08-21,2020-08-20,57.9,11.2,69.1
Maine,2020-08-21,2020-08-20,56.5,25.7,82.1
Maryland,2020-08-21,2020-08-20,68.6,11.8,80.4
Massachusetts,2020-08-21,2020-08-20,66.5,12.1,78.6
Michigan,2020-08-21,2020-08-20,69.4,4.9,74.4
Minnesota,2020-08-21,2020-08-20,73.3,7.8,81.1
Mississippi,2020-08-21,2020-08-20,58.5,7.8,66.3
Missouri,2020-08-21,2020-08-20,64,14.6,78.6
Montana,2020-08-21,2020-08-20,57.6,7.9,65.5
Nebraska,2020-08-21,2020-08-20,69.7,7.2,77
Nevada,2020-08-21,2020-08-20,63.2,5.9,69.1
New Hampshire,2020-08-21,2020-08-20,64,7,71
New Jersey,2020-08-21,2020-08-20,66,7.2,73.2
New Mexico,2020-08-21,2020-08-20,54.7,6.8,61.5
New York,2020-08-21,2020-08-20,60,9,69
North Carolina,2020-08-21,2020-08-20,60.1,6.2,66.3
North Dakota,2020-08-21,2020-08-20,63.4,14,77.4
Ohio,2020-08-21,2020-08-20,68.3,8.8,77.1
Oklahoma,2020-08-21,2020-08-20,58.7,12.2,70.9
Oregon,2020-08-21,2020-08-20,66.9,14.2,81.2
Pennsylvania,2020-08-21,2020-08-20,67.1,10.8,77.9
Rhode Island,2020-08-21,2020-08-20,61.9,9.2,71.1
South Carolina,2020-08-21,2020-08-20,58.1,7.1,65.2
South Dakota,2020-08-21,2020-08-20,65,7.1,72.1
Tennessee,2020-08-21,2020-08-20,63.5,9.7,73.2
Texas,2020-08-21,2020-08-20,59.4,9.3,68.7
Utah,2020-08-21,2020-08-20,68.5,8.6,77.1
Vermont,2020-08-21,2020-08-20,57.8,10.8,68.6
Virginia,2020-08-21,2020-08-20,68.8,8.1,76.9
Washington,2020-08-21,2020-08-20,70.4,14.7,85.1
West Virginia,2020-08-21,2020-08-20,55.4,30.2,85.6
Wisconsin,2020-08-21,2020-08-20,70.5,10.7,81.2
Wyoming,2020-08-21,2020-08-20,58.4,9.8,68.2
Puerto Rico,2020-08-21,2020-08-20,31,27.6,58.6
U.S. Total,2020-08-22,2020-08-21,64.3,10.5,74.8
Alabama,2020-08-22,2020-08-21,61.4,6.3,67.7
Alaska,2020-08-22,2020-08-21,52,23.8,75.8
Arizona,2020-08-22,2020-08-21,60.7,5.9,66.6
Arkansas,2020-08-22,2020-08-21,58.7,14.1,72.8
California,2020-08-22,2020-08-21,66.2,12.1,78.3
Colorado,2020-08-22,2020-08-21,67.6,9.8,77.5
Connecticut,2020-08-22,2020-08-21,68.3,15.2,83.5
Delaware,2020-08-22,2020-08-21,61.7,9.6,71.3
District of Columbia,2020-08-22,2020-08-21,60.7,11.5,72.2
Florida,2020-08-22,2020-08-21,60.9,6.9,67.8
Georgia,2020-08-22,2020-08-21,59.7,6.8,66.5
Hawaii,2020-08-22,2020-08-21,61.3,20.4,81.6
Idaho,2020-08-22,2020-08-21,68.4,24.6,93.1
Illinois,2020-08-22,2020-08-21,69.2,13.6,82.8
Indiana,2020-08-22,2020-08-21,68.5,14.4,82.8
Iowa,2020-08-22,2020-08-21,69.2,3,72.2
Kansas,2020-08-22,2020-08-21,68.1,16.9,85.1
Kentucky,2020-08-22,2020-08-21,66.6,7.6,74.2
Louisiana,2020-08-22,2020-08-21,58,12,70
Maine,2020-08-22,2020-08-21,56.5,26.6,83.1
Maryland,2020-08-22,2020-08-21,68.7,12.5,81.2
Massachusetts,2020-08-22,2020-08-21,66.6,12.9,79.5
Michigan,2020-08-22,2020-08-21,69.5,5.7,75.2
Minnesota,2020-08-22,2020-08-21,73.3,8.6,81.9
Mississippi,2020-08-22,2020-08-21,58.5,8.7,67.2
Missouri,2020-08-22,2020-08-21,64.1,15.5,79.6
Montana,2020-08-22,2020-08-21,57.6,8.8,66.4
Nebraska,2020-08-22,2020-08-21,69.8,8.1,77.9
Nevada,2020-08-22,2020-08-21,63.3,6.6,70
New Hampshire,2020-08-22,2020-08-21,64.1,7.9,72
New Jersey,2020-08-22,2020-08-21,66.1,7.9,74
New Mexico,2020-08-22,2020-08-21,54.8,7.7,62.5
New York,2020-08-22,2020-08-21,60.1,10,70.1
North Carolina,2020-08-22,2020-08-21,60.1,7,67.1
North Dakota,2020-08-22,2020-08-21,63.5,14.7,78.2
Ohio,2020-08-22,2020-08-21,68.4,9.6,78
Oklahoma,2020-08-22,2020-08-21,58.7,13.1,71.9
Oregon,2020-08-22,2020-08-21,67,15.2,82.3
Pennsylvania,2020-08-22,2020-08-21,67.1,11.6,78.7
Rhode Island,2020-08-22,2020-08-21,62,10.2,72.3
South Carolina,2020-08-22,2020-08-21,58.1,7.9,66.1
South Dakota,2020-08-22,2020-08-21,65,8,73
Tennessee,2020-08-22,2020-08-21,63.5,10.7,74.3
Texas,2020-08-22,2020-08-21,59.5,10.3,69.8
Utah,2020-08-22,2020-08-21,68.6,9.5,78.1
Vermont,2020-08-22,2020-08-21,57.9,12,69.9
Virginia,2020-08-22,2020-08-21,68.9,8.8,77.7
Washington,2020-08-22,2020-08-21,70.5,15.4,85.9
West Virginia,2020-08-22,2020-08-21,55.4,31.1,86.5
Wisconsin,2020-08-22,2020-08-21,70.6,11.7,82.3
Wyoming,2020-08-22,2020-08-21,58.5,11,69.5
Puerto Rico,2020-08-22,2020-08-21,31.3,29.2,60.4
U.S. Total,2020-08-23,2020-08-22,64.3,11.3,75.6
Alabama,2020-08-23,2020-08-22,61.5,6.9,68.4
Alaska,2020-08-23,2020-08-22,52.1,25.2,77.3
Arizona,2020-08-23,2020-08-22,60.8,6.6,67.4
Arkansas,2020-08-23,2020-08-22,58.8,15.4,74.2
California,2020-08-23,2020-08-22,66.3,12.9,79.2
Colorado,2020-08-23,2020-08-22,67.7,10.5,78.2
Connecticut,2020-08-23,2020-08-22,68.4,16,84.4
Delaware,2020-08-23,2020-08-22,61.8,10.4,72.2
District of Columbia,2020-08-23,2020-08-22,60.8,12.4,73.1
Florida,2020-08-23,2020-08-22,61,7.6,68.6
Georgia,2020-08-23,2020-08-22,59.7,7.5,67.3
Hawaii,2020-08-23,2020-08-22,61.3,21.4,82.7
Idaho,2020-08-23,2020-08-22,68.5,25.1,93.5
Illinois,2020-08-23,2020-08-22,69.2,14.2,83.4
Indiana,2020-08-23,2020-08-22,68.5,15.2,83.7
Iowa,2020-08-23,2020-08-22,69.3,3.6,72.9
Kansas,2020-08-23,2020-08-22,68.2,17.6,85.8
Kentucky,2020-08-23,2020-08-22,66.7,8.3,75
Louisiana,2020-08-23,2020-08-22,58,12.7,70.7
Maine,2020-08-23,2020-08-22,56.6,27.3,83.9
Maryland,2020-08-23,2020-08-22,68.7,13.2,81.9
Massachusetts,2020-08-23,2020-08-22,66.7,13.6,80.3
Michigan,2020-08-23,2020-08-22,69.5,6.4,76
Minnesota,2020-08-23,2020-08-22,73.4,9.2,82.6
Mississippi,2020-08-23,2020-08-22,58.6,9.6,68.1
Missouri,2020-08-23,2020-08-22,64.1,16.3,80.4
Montana,2020-08-23,2020-08-22,57.7,9.5,67.2
Nebraska,2020-08-23,2020-08-22,69.8,8.8,78.7
Nevada,2020-08-23,2020-08-22,63.4,7.4,70.7
New Hampshire,2020-08-23,2020-08-22,64.2,8.9,73.1
New Jersey,2020-08-23,2020-08-22,66.2,8.7,74.9
New Mexico,2020-08-23,2020-08-22,54.9,8.6,63.5
New York,2020-08-23,2020-08-22,60.2,10.9,71.1
North Carolina,2020-08-23,2020-08-22,60.2,7.8,67.9
North Dakota,2020-08-23,2020-08-22,63.5,15.3,78.8
Ohio,2020-08-23,2020-08-22,68.4,10.4,78.9
Oklahoma,2020-08-23,2020-08-22,58.8,13.9,72.7
Oregon,2020-08-23,2020-08-22,67.1,16.1,83.2
Pennsylvania,2020-08-23,2020-08-22,67.2,12.3,79.5
Rhode Island,2020-08-23,2020-08-22,62.1,11.5,73.6
South Carolina,2020-08-23,2020-08-22,58.2,8.8,67
South Dakota,2020-08-23,2020-08-22,65.1,8.8,73.8
Tennessee,2020-08-23,2020-08-22,63.6,11.7,75.3
Texas,2020-08-23,2020-08-22,59.6,11.3,70.8
Utah,2020-08-23,2020-08-22,68.7,10.3,78.9
Vermont,2020-08-23,2020-08-22,58,13.5,71.5
Virginia,2020-08-23,2020-08-22,68.9,9.5,78.4
Washington,2020-08-23,2020-08-22,70.6,16.1,86.7
West Virginia,2020-08-23,2020-08-22,55.4,31.8,87.2
Wisconsin,2020-08-23,2020-08-22,70.6,12.6,83.2
Wyoming,2020-08-23,2020-08-22,58.6,12,70.6
Puerto Rico,2020-08-23,2020-08-22,31.3,29.2,60.5
U.S. Total,2020-08-24,2020-08-23,64.4,12.1,76.5
Alabama,2020-08-24,2020-08-23,61.5,7.6,69.1
Alaska,2020-08-24,2020-08-23,52.2,26.6,78.8
Arizona,2020-08-24,2020-08-23,60.8,7.2,68.1
Arkansas,2020-08-24,2020-08-23,58.8,16.5,75.4
California,2020-08-24,2020-08-23,66.4,13.8,80.2
Colorado,2020-08-24,2020-08-23,67.8,11.2,79
Connecticut,2020-08-24,2020-08-23,68.5,16.9,85.4
Delaware,2020-08-24,2020-08-23,61.9,11.2,73.1
District of Columbia,2020-08-24,2020-08-23,60.8,13,73.8
Florida,2020-08-24,2020-08-23,61.1,8.3,69.4
Georgia,2020-08-24,2020-08-23,59.8,8.1,67.9
Hawaii,2020-08-24,2020-08-23,61.4,22.4,83.8
Idaho,2020-08-24,2020-08-23,68.5,25.5,93.9
Illinois,2020-08-24,2020-08-23,69.3,14.8,84.1
Indiana,2020-08-24,2020-08-23,68.6,15.9,84.5
Iowa,2020-08-24,2020-08-23,69.3,4.3,73.6
Kansas,2020-08-24,2020-08-23,68.2,18.3,86.5
Kentucky,2020-08-24,2020-08-23,66.7,8.9,75.6
Louisiana,2020-08-24,2020-08-23,58.1,13.3,71.4
Maine,2020-08-24,2020-08-23,56.6,28.2,84.8
Maryland,2020-08-24,2020-08-23,68.8,13.8,82.6
Massachusetts,2020-08-24,2020-08-23,66.7,14.4,81.1
Michigan,2020-08-24,2020-08-23,69.6,7.1,76.7
Minnesota,2020-08-24,2020-08-23,73.4,9.8,83.3
Mississippi,2020-08-24,2020-08-23,58.6,10.3,68.9
Missouri,2020-08-24,2020-08-23,64.2,17,81.2
Montana,2020-08-24,2020-08-23,57.7,10.2,67.9
Nebraska,2020-08-24,2020-08-23,69.9,9.5,79.4
Nevada,2020-08-24,2020-08-23,63.5,8.1,71.6
New Hampshire,2020-08-24,2020-08-23,64.3,9.9,74.2
New Jersey,2020-08-24,2020-08-23,66.3,9.5,75.8
New Mexico,2020-08-24,2020-08-23,54.9,9.6,64.5
New York,2020-08-24,2020-08-23,60.3,12,72.3
North Carolina,2020-08-24,2020-08-23,60.2,8.5,68.7
North Dakota,2020-08-24,2020-08-23,63.5,16,79.5
Ohio,2020-08-24,2020-08-23,68.5,11.2,79.7
Oklahoma,2020-08-24,2020-08-23,58.8,14.7,73.5
Oregon,2020-08-24,2020-08-23,67.2,17,84.2
Pennsylvania,2020-08-24,2020-08-23,67.2,13,80.2
Rhode Island,2020-08-24,2020-08-23,62.2,12.8,75
South Carolina,2020-08-24,2020-08-23,58.2,9.5,67.7
South Dakota,2020-08-24,2020-08-23,65.1,9.6,74.7
Tennessee,2020-08-24,2020-08-23,63.7,12.6,76.2
Texas,2020-08-24,2020-08-23,59.6,12.1,71.8
Utah,2020-08-24,2020-08-23,68.7,10.8,79.5
Vermont,2020-08-24,2020-08-23,58.1,15.1,73.1
Virginia,2020-08-24,2020-08-23,69,10.1,79.1
Washington,2020-08-24,2020-08-23,70.7,16.7,87.4
West Virginia,2020-08-24,2020-08-23,55.4,32.6,88.1
Wisconsin,2020-08-24,2020-08-23,70.7,13.5,84.2
Wyoming,2020-08-24,2020-08-23,58.7,12.9,71.6
Puerto Rico,2020-08-24,2020-08-23,31.4,30.7,62.1
U.S. Total,2020-08-25,2020-08-24,64.5,12.9,77.4
Alabama,2020-08-25,2020-08-24,61.5,8.2,69.8
Alaska,2020-08-25,2020-08-24,52.4,27.7,80.1
Arizona,2020-08-25,2020-08-24,60.9,7.9,68.8
Arkansas,2020-08-25,2020-08-24,58.9,17.8,76.7
California,2020-08-25,2020-08-24,66.5,14.6,81.2
Colorado,2020-08-25,2020-08-24,67.9,11.9,79.8
Connecticut,2020-08-25,2020-08-24,68.6,17.6,86.2
Delaware,2020-08-25,2020-08-24,62,12.2,74.1
District of Columbia,2020-08-25,2020-08-24,60.9,14,74.9
Florida,2020-08-25,2020-08-24,61.1,9.1,70.3
Georgia,2020-08-25,2020-08-24,59.9,8.8,68.7
Hawaii,2020-08-25,2020-08-24,61.5,23.3,84.8
Idaho,2020-08-25,2020-08-24,68.5,25.9,94.4
Illinois,2020-08-25,2020-08-24,69.3,15.4,84.7
Indiana,2020-08-25,2020-08-24,68.6,16.8,85.4
Iowa,2020-08-25,2020-08-24,69.4,5,74.4
Kansas,2020-08-25,2020-08-24,68.3,19,87.3
Kentucky,2020-08-25,2020-08-24,66.7,9.7,76.5
Louisiana,2020-08-25,2020-08-24,58.1,13.8,71.9
Maine,2020-08-25,2020-08-24,56.7,29.1,85.8
Maryland,2020-08-25,2020-08-24,68.9,14.4,83.3
Massachusetts,2020-08-25,2020-08-24,66.8,15.1,82
Michigan,2020-08-25,2020-08-24,69.6,7.9,77.5
Minnesota,2020-08-25,2020-08-24,73.5,10.6,84.1
Mississippi,2020-08-25,2020-08-24,58.6,11,69.6
Missouri,2020-08-25,2020-08-24,64.3,17.9,82.1
Montana,2020-08-25,2020-08-24,57.8,11,68.8
Nebraska,2020-08-25,2020-08-24,70,10.2,80.2
Nevada,2020-08-25,2020-08-24,63.6,8.9,72.5
New Hampshire,2020-08-25,2020-08-24,64.4,11,75.4
New Jersey,2020-08-25,2020-08-24,66.4,10.3,76.7
New Mexico,2020-08-25,2020-08-24,55,10.5,65.5
New York,2020-08-25,2020-08-24,60.4,13,73.4
North Carolina,2020-08-25,2020-08-24,60.3,9.3,69.6
North Dakota,2020-08-25,2020-08-24,63.6,16.8,80.3
Ohio,2020-08-25,2020-08-24,68.6,12.1,80.7
Oklahoma,2020-08-25,2020-08-24,58.9,15.4,74.3
Oregon,2020-08-25,2020-08-24,67.3,17.9,85.2
Pennsylvania,2020-08-25,2020-08-24,67.3,13.7,81.1
Rhode Island,2020-08-25,2020-08-24,62.3,13.9,76.2
South Carolina,2020-08-25,2020-08-24,58.3,10.2,68.5
South Dakota,2020-08-25,2020-08-24,65.2,10.4,75.6
Tennessee,2020-08-25,2020-08-24,63.8,13.5,77.3
Texas,2020-08-25,2020-08-24,59.8,13.1,72.8
Utah,2020-08-25,2020-08-24,68.8,11.6,80.4
Vermont,2020-08-25,2020-08-24,58.2,16.3,74.4
Virginia,2020-08-25,2020-08-24,69.1,10.9,79.9
Washington,2020-08-25,2020-08-24,70.7,17.3,88.1
West Virginia,2020-08-25,2020-08-24,55.5,33.4,88.9
Wisconsin,2020-08-25,2020-08-24,70.8,14.5,85.3
Wyoming,2020-08-25,2020-08-24,58.7,13.9,72.7
Puerto Rico,2020-08-25,2020-08-24,31.5,32.4,63.9
U.S. Total,2020-08-26,2020-08-25,64.6,13.7,78.3
Alabama,2020-08-26,2020-08-25,61.6,8.8,70.4
Alaska,2020-08-26,2020-08-25,52.5,28.7,81.2
Arizona,2020-08-26,2020-08-25,61,8.6,69.6
Arkansas,2020-08-26,2020-08-25,59,19.1,78.1
California,2020-08-26,2020-08-25,66.7,15.5,82.2
Colorado,2020-08-26,2020-08-25,67.9,12.6,80.5
Connecticut,2020-08-26,2020-08-25,68.7,18.4,87.1
Delaware,2020-08-26,2020-08-25,62.1,13,75.1
District of Columbia,2020-08-26,2020-08-25,61,15,76
Florida,2020-08-26,2020-08-25,61.2,10,71.2
Georgia,2020-08-26,2020-08-25,59.9,9.5,69.4
Hawaii,2020-08-26,2020-08-25,61.5,24.3,85.8
Idaho,2020-08-26,2020-08-25,68.5,26.4,94.9
Illinois,2020-08-26,2020-08-25,69.4,16,85.3
Indiana,2020-08-26,2020-08-25,68.7,17.7,86.4
Iowa,2020-08-26,2020-08-25,69.4,5.7,75.1
Kansas,2020-08-26,2020-08-25,68.4,19.8,88.1
Kentucky,2020-08-26,2020-08-25,66.8,10.5,77.3
Louisiana,2020-08-26,2020-08-25,58.2,14.3,72.5
Maine,2020-08-26,2020-08-25,56.7,29.9,86.6
Maryland,2020-08-26,2020-08-25,69,15,84
Massachusetts,2020-08-26,2020-08-25,66.9,15.9,82.8
Michigan,2020-08-26,2020-08-25,69.7,8.8,78.5
Minnesota,2020-08-26,2020-08-25,73.6,11.3,84.9
Mississippi,2020-08-26,2020-08-25,58.7,11.7,70.3
Missouri,2020-08-26,2020-08-25,64.3,18.7,83.1
Montana,2020-08-26,2020-08-25,57.9,11.8,69.6
Nebraska,2020-08-26,2020-08-25,70.1,10.7,80.8
Nevada,2020-08-26,2020-08-25,63.7,9.8,73.5
New Hampshire,2020-08-26,2020-08-25,64.5,11.9,76.4
New Jersey,2020-08-26,2020-08-25,66.5,11.1,77.6
New Mexico,2020-08-26,2020-08-25,55.1,11.5,66.6
New York,2020-08-26,2020-08-25,60.5,14,74.5
North Carolina,2020-08-26,2020-08-25,60.4,10.2,70.6
North Dakota,2020-08-26,2020-08-25,63.7,17.5,81.2
Ohio,2020-08-26,2020-08-25,68.7,12.9,81.6
Oklahoma,2020-08-26,2020-08-25,59,16.2,75.1
Oregon,2020-08-26,2020-08-25,67.4,19,86.4
Pennsylvania,2020-08-26,2020-08-25,67.4,14.5,81.9
Rhode Island,2020-08-26,2020-08-25,62.4,15,77.4
South Carolina,2020-08-26,2020-08-25,58.4,11.1,69.5
South Dakota,2020-08-26,2020-08-25,65.3,11.2,76.5
Tennessee,2020-08-26,2020-08-25,63.9,14.5,78.3
Texas,2020-08-26,2020-08-25,59.9,14,73.8
Utah,2020-08-26,2020-08-25,68.9,12.3,81.3
Vermont,2020-08-26,2020-08-25,58.3,17.3,75.6
Virginia,2020-08-26,2020-08-25,69.2,11.6,80.7
Washington,2020-08-26,2020-08-25,70.8,18,88.8
West Virginia,2020-08-26,2020-08-25,55.5,34.2,89.7
Wisconsin,2020-08-26,2020-08-25,70.9,15.4,86.3
Wyoming,2020-08-26,2020-08-25,58.8,15,73.8
Puerto Rico,2020-08-26,2020-08-25,31.9,34,65.8
U.S. Total,2020-08-27,2020-08-26,64.6,14.6,79.2
Alabama,2020-08-27,2020-08-26,61.6,9.5,71.1
Alaska,2020-08-27,2020-08-26,52.6,29.8,82.4
Arizona,2020-08-27,2020-08-26,61.1,9.3,70.5
Arkansas,2020-08-27,2020-08-26,59.1,20.5,79.6
California,2020-08-27,2020-08-26,66.8,16.4,83.3
Colorado,2020-08-27,2020-08-26,68,13.3,81.3
Connecticut,2020-08-27,2020-08-26,68.8,19.2,87.9
Delaware,2020-08-27,2020-08-26,62.2,13.9,76.1
District of Columbia,2020-08-27,2020-08-26,61.1,16.2,77.2
Florida,2020-08-27,2020-08-26,61.3,10.9,72.2
Georgia,2020-08-27,2020-08-26,60,10.3,70.3
Hawaii,2020-08-27,2020-08-26,61.6,25.3,86.9
Idaho,2020-08-27,2020-08-26,68.6,26.9,95.4
Illinois,2020-08-27,2020-08-26,69.5,16.5,86
Indiana,2020-08-27,2020-08-26,68.8,18.5,87.3
Iowa,2020-08-27,2020-08-26,69.5,6.5,76
Kansas,2020-08-27,2020-08-26,68.5,20.6,89
Kentucky,2020-08-27,2020-08-26,66.9,11.3,78.2
Louisiana,2020-08-27,2020-08-26,58.2,14.7,72.9
Maine,2020-08-27,2020-08-26,56.8,30.8,87.6
Maryland,2020-08-27,2020-08-26,69.1,15.7,84.7
Massachusetts,2020-08-27,2020-08-26,67,16.7,83.7
Michigan,2020-08-27,2020-08-26,69.8,9.6,79.4
Minnesota,2020-08-27,2020-08-26,73.7,12.1,85.8
Mississippi,2020-08-27,2020-08-26,58.7,12.5,71.2
Missouri,2020-08-27,2020-08-26,64.4,19.7,84
Montana,2020-08-27,2020-08-26,57.9,12.7,70.6
Nebraska,2020-08-27,2020-08-26,70.2,11.5,81.6
Nevada,2020-08-27,2020-08-26,63.8,10.9,74.7
New Hampshire,2020-08-27,2020-08-26,64.6,13,77.6
New Jersey,2020-08-27,2020-08-26,66.6,11.9,78.6
New Mexico,2020-08-27,2020-08-26,55.3,12.6,67.9
New York,2020-08-27,2020-08-26,60.7,15.1,75.7
North Carolina,2020-08-27,2020-08-26,60.5,11.1,71.6
North Dakota,2020-08-27,2020-08-26,63.7,18.3,82
Ohio,2020-08-27,2020-08-26,68.8,13.7,82.5
Oklahoma,2020-08-27,2020-08-26,59,17,76
Oregon,2020-08-27,2020-08-26,67.5,19.9,87.4
Pennsylvania,2020-08-27,2020-08-26,67.5,15.4,82.9
Rhode Island,2020-08-27,2020-08-26,62.5,16.2,78.7
South Carolina,2020-08-27,2020-08-26,58.5,12,70.5
South Dakota,2020-08-27,2020-08-26,65.3,12.1,77.4
Tennessee,2020-08-27,2020-08-26,64,15.5,79.4
Texas,2020-08-27,2020-08-26,60,14.9,74.8
Utah,2020-08-27,2020-08-26,69,13.2,82.3
Vermont,2020-08-27,2020-08-26,58.4,18.6,77
Virginia,2020-08-27,2020-08-26,69.2,12.3,81.6
Washington,2020-08-27,2020-08-26,70.9,18.7,89.6
West Virginia,2020-08-27,2020-08-26,55.5,35.1,90.6
Wisconsin,2020-08-27,2020-08-26,70.9,16.4,87.3
Wyoming,2020-08-27,2020-08-26,58.9,16.1,75
Puerto Rico,2020-08-27,2020-08-26,32,35.8,67.8
U.S. Total,2020-08-28,2020-08-27,64.7,15.4,80.1
Alabama,2020-08-28,2020-08-27,61.7,10,71.7
Alaska,2020-08-28,2020-08-27,52.7,30.8,83.5
Arizona,2020-08-28,2020-08-27,61.2,10.1,71.3
Arkansas,2020-08-28,2020-08-27,59.2,21.5,80.6
California,2020-08-28,2020-08-27,66.9,17.3,84.3
Colorado,2020-08-28,2020-08-27,68.1,14,82.1
Connecticut,2020-08-28,2020-08-27,68.9,19.7,88.5
Delaware,2020-08-28,2020-08-27,62.2,14.7,77
District of Columbia,2020-08-28,2020-08-27,61.1,17.2,78.4
Florida,2020-08-28,2020-08-27,61.4,11.7,73.1
Georgia,2020-08-28,2020-08-27,60.1,11.1,71.1
Hawaii,2020-08-28,2020-08-27,61.6,26.2,87.9
Idaho,2020-08-28,2020-08-27,68.6,27.3,95.9
Illinois,2020-08-28,2020-08-27,69.5,17.1,86.6
Indiana,2020-08-28,2020-08-27,68.9,19.4,88.2
Iowa,2020-08-28,2020-08-27,69.6,7.3,76.8
Kansas,2020-08-28,2020-08-27,68.5,21.2,89.8
Kentucky,2020-08-28,2020-08-27,66.9,12.1,79.1
Louisiana,2020-08-28,2020-08-27,58.2,15,73.3
Maine,2020-08-28,2020-08-27,56.9,31.7,88.5
Maryland,2020-08-28,2020-08-27,69.1,16.3,85.4
Massachusetts,2020-08-28,2020-08-27,67.1,17.4,84.5
Michigan,2020-08-28,2020-08-27,69.8,10.5,80.3
Minnesota,2020-08-28,2020-08-27,73.7,12.8,86.6
Mississippi,2020-08-28,2020-08-27,58.8,13.3,72
Missouri,2020-08-28,2020-08-27,64.5,20.6,85
Montana,2020-08-28,2020-08-27,58,13.6,71.6
Nebraska,2020-08-28,2020-08-27,70.3,12.2,82.5
Nevada,2020-08-28,2020-08-27,63.9,12,76
New Hampshire,2020-08-28,2020-08-27,64.8,14,78.8
New Jersey,2020-08-28,2020-08-27,66.7,12.7,79.4
New Mexico,2020-08-28,2020-08-27,55.3,13.7,69
New York,2020-08-28,2020-08-27,60.8,16,76.8
North Carolina,2020-08-28,2020-08-27,60.6,12,72.6
North Dakota,2020-08-28,2020-08-27,63.8,19,82.8
Ohio,2020-08-28,2020-08-27,68.9,14.6,83.4
Oklahoma,2020-08-28,2020-08-27,59.1,17.8,76.9
Oregon,2020-08-28,2020-08-27,67.6,20.9,88.5
Pennsylvania,2020-08-28,2020-08-27,67.6,16.2,83.7
Rhode Island,2020-08-28,2020-08-27,62.6,17.1,79.8
South Carolina,2020-08-28,2020-08-27,58.6,13,71.6
South Dakota,2020-08-28,2020-08-27,65.4,13,78.4
Tennessee,2020-08-28,2020-08-27,64,16.5,80.5
Texas,2020-08-28,2020-08-27,60.1,15.8,75.8
Utah,2020-08-28,2020-08-27,69.1,14.1,83.3
Vermont,2020-08-28,2020-08-27,58.5,19.8,78.3
Virginia,2020-08-28,2020-08-27,69.3,13,82.4
Washington,2020-08-28,2020-08-27,71,19.3,90.3
West Virginia,2020-08-28,2020-08-27,55.6,35.9,91.5
Wisconsin,2020-08-28,2020-08-27,71,17.3,88.3
Wyoming,2020-08-28,2020-08-27,59,17.3,76.3
Puerto Rico,2020-08-28,2020-08-27,32.1,37.5,69.6
U.S. Total,2020-08-29,2020-08-28,64.8,16.2,81
Alabama,2020-08-29,2020-08-28,61.7,10.6,72.3
Alaska,2020-08-29,2020-08-28,52.8,31.6,84.4
Arizona,2020-08-29,2020-08-28,61.3,10.8,72.1
Arkansas,2020-08-29,2020-08-28,59.2,22.6,81.8
California,2020-08-29,2020-08-28,67,18.1,85.2
Colorado,2020-08-29,2020-08-28,68.2,14.7,82.8
Connecticut,2020-08-29,2020-08-28,68.9,20.4,89.3
Delaware,2020-08-29,2020-08-28,62.3,15.5,77.8
District of Columbia,2020-08-29,2020-08-28,61.2,17.9,79.2
Florida,2020-08-29,2020-08-28,61.5,12.6,74
Georgia,2020-08-29,2020-08-28,60.1,11.8,71.9
Hawaii,2020-08-29,2020-08-28,61.7,27.1,88.8
Idaho,2020-08-29,2020-08-28,68.6,27.6,96.2
Illinois,2020-08-29,2020-08-28,69.6,17.6,87.2
Indiana,2020-08-29,2020-08-28,68.9,20,89
Iowa,2020-08-29,2020-08-28,69.6,8,77.6
Kansas,2020-08-29,2020-08-28,68.6,21.9,90.4
Kentucky,2020-08-29,2020-08-28,67,12.8,79.8
Louisiana,2020-08-29,2020-08-28,58.2,15.6,73.8
Maine,2020-08-29,2020-08-28,56.9,32.4,89.4
Maryland,2020-08-29,2020-08-28,69.2,16.8,86
Massachusetts,2020-08-29,2020-08-28,67.2,18.2,85.4
Michigan,2020-08-29,2020-08-28,69.9,11.2,81.1
Minnesota,2020-08-29,2020-08-28,73.8,13.5,87.3
Mississippi,2020-08-29,2020-08-28,58.8,14,72.9
Missouri,2020-08-29,2020-08-28,64.5,21.3,85.9
Montana,2020-08-29,2020-08-28,58.1,14.5,72.6
Nebraska,2020-08-29,2020-08-28,70.3,12.9,83.2
Nevada,2020-08-29,2020-08-28,64,13.2,77.3
New Hampshire,2020-08-29,2020-08-28,64.8,15.1,80
New Jersey,2020-08-29,2020-08-28,66.8,13.5,80.3
New Mexico,2020-08-29,2020-08-28,55.5,14.7,70.2
New York,2020-08-29,2020-08-28,60.9,17,77.9
North Carolina,2020-08-29,2020-08-28,60.6,12.9,73.5
North Dakota,2020-08-29,2020-08-28,63.9,19.6,83.5
Ohio,2020-08-29,2020-08-28,68.9,15.2,84.1
Oklahoma,2020-08-29,2020-08-28,59.2,18.6,77.8
Oregon,2020-08-29,2020-08-28,67.7,21.7,89.4
Pennsylvania,2020-08-29,2020-08-28,67.6,16.8,84.4
Rhode Island,2020-08-29,2020-08-28,62.7,18.2,81
South Carolina,2020-08-29,2020-08-28,58.7,13.9,72.5
South Dakota,2020-08-29,2020-08-28,65.5,13.8,79.2
Tennessee,2020-08-29,2020-08-28,64.1,17.2,81.3
Texas,2020-08-29,2020-08-28,60.2,16.6,76.8
Utah,2020-08-29,2020-08-28,69.2,15,84.3
Vermont,2020-08-29,2020-08-28,58.6,21.1,79.7
Virginia,2020-08-29,2020-08-28,69.4,13.7,83.1
Washington,2020-08-29,2020-08-28,71,19.9,91
West Virginia,2020-08-29,2020-08-28,55.6,36.7,92.3
Wisconsin,2020-08-29,2020-08-28,71.1,18,89.1
Wyoming,2020-08-29,2020-08-28,59.1,18.3,77.4
Puerto Rico,2020-08-29,2020-08-28,32.2,39.2,71.3
U.S. Total,2020-08-30,2020-08-29,64.9,16.9,81.7
Alabama,2020-08-30,2020-08-29,61.8,11.2,73
Alaska,2020-08-30,2020-08-29,52.8,32.3,85.1
Arizona,2020-08-30,2020-08-29,61.3,11.5,72.9
Arkansas,2020-08-30,2020-08-29,59.3,23.7,83
California,2020-08-30,2020-08-29,67.1,18.8,85.9
Colorado,2020-08-30,2020-08-29,68.2,15.3,83.5
Connecticut,2020-08-30,2020-08-29,69,21,90
Delaware,2020-08-30,2020-08-29,62.4,16.1,78.5
District of Columbia,2020-08-30,2020-08-29,61.3,18.5,79.7
Florida,2020-08-30,2020-08-29,61.5,13.3,74.8
Georgia,2020-08-30,2020-08-29,60.2,12.5,72.7
Hawaii,2020-08-30,2020-08-29,61.7,28,89.7
Idaho,2020-08-30,2020-08-29,68.6,27.8,96.5
Illinois,2020-08-30,2020-08-29,69.6,18.1,87.7
Indiana,2020-08-30,2020-08-29,69,20.6,89.6
Iowa,2020-08-30,2020-08-29,69.7,8.8,78.5
Kansas,2020-08-30,2020-08-29,68.6,22.4,91
Kentucky,2020-08-30,2020-08-29,67,13.4,80.4
Louisiana,2020-08-30,2020-08-29,58.3,16.2,74.4
Maine,2020-08-30,2020-08-29,57,32.9,89.8
Maryland,2020-08-30,2020-08-29,69.2,17.3,86.5
Massachusetts,2020-08-30,2020-08-29,67.3,18.7,85.9
Michigan,2020-08-30,2020-08-29,69.9,11.9,81.8
Minnesota,2020-08-30,2020-08-29,73.8,14,87.9
Mississippi,2020-08-30,2020-08-29,58.9,14.8,73.7
Missouri,2020-08-30,2020-08-29,64.6,22,86.5
Montana,2020-08-30,2020-08-29,58.1,15.2,73.3
Nebraska,2020-08-30,2020-08-29,70.4,13.6,84
Nevada,2020-08-30,2020-08-29,64.1,14.3,78.5
New Hampshire,2020-08-30,2020-08-29,64.9,15.8,80.7
New Jersey,2020-08-30,2020-08-29,66.9,14.1,81
New Mexico,2020-08-30,2020-08-29,55.6,15.6,71.2
New York,2020-08-30,2020-08-29,61,17.9,78.8
North Carolina,2020-08-30,2020-08-29,60.7,13.6,74.3
North Dakota,2020-08-30,2020-08-29,63.9,20.2,84.1
Ohio,2020-08-30,2020-08-29,69,15.9,84.9
Oklahoma,2020-08-30,2020-08-29,59.2,19.3,78.5
Oregon,2020-08-30,2020-08-29,67.7,22.3,90
Pennsylvania,2020-08-30,2020-08-29,67.7,17.4,85
Rhode Island,2020-08-30,2020-08-29,62.8,19,81.8
South Carolina,2020-08-30,2020-08-29,58.7,14.7,73.4
South Dakota,2020-08-30,2020-08-29,65.5,14.5,80
Tennessee,2020-08-30,2020-08-29,64.2,18.1,82.2
Texas,2020-08-30,2020-08-29,60.2,17.5,77.7
Utah,2020-08-30,2020-08-29,69.3,15.8,85.1
Vermont,2020-08-30,2020-08-29,58.7,22.1,80.8
Virginia,2020-08-30,2020-08-29,69.4,14.2,83.7
Washington,2020-08-30,2020-08-29,71.1,20.5,91.5
West Virginia,2020-08-30,2020-08-29,55.6,37.3,92.9
Wisconsin,2020-08-30,2020-08-29,71.1,18.7,89.8
Wyoming,2020-08-30,2020-08-29,59.2,19.1,78.3
Puerto Rico,2020-08-30,2020-08-29,32.2,40.6,72.8
U.S. Total,2020-08-31,2020-08-30,64.9,17.5,82.4
Alabama,2020-08-31,2020-08-30,61.8,11.8,73.6
Alaska,2020-08-31,2020-08-30,52.9,33,85.9
Arizona,2020-08-31,2020-08-30,61.4,12.2,73.6
Arkansas,2020-08-31,2020-08-30,59.3,24.8,84.1
California,2020-08-31,2020-08-30,67.2,19.4,86.6
Colorado,2020-08-31,2020-08-30,68.3,15.8,84.1
Connecticut,2020-08-31,2020-08-30,69.1,21.5,90.6
Delaware,2020-08-31,2020-08-30,62.4,17,79.4
District of Columbia,2020-08-31,2020-08-30,61.3,19.1,80.4
Florida,2020-08-31,2020-08-30,61.6,13.9,75.5
Georgia,2020-08-31,2020-08-30,60.2,13,73.3
Hawaii,2020-08-31,2020-08-30,61.7,28.7,90.4
Idaho,2020-08-31,2020-08-30,68.6,28,96.7
Illinois,2020-08-31,2020-08-30,69.6,18.5,88.2
Indiana,2020-08-31,2020-08-30,69,21.2,90.2
Iowa,2020-08-31,2020-08-30,69.7,9.6,79.4
Kansas,2020-08-31,2020-08-30,68.6,22.9,91.5
Kentucky,2020-08-31,2020-08-30,67.1,14,81.1
Louisiana,2020-08-31,2020-08-30,58.3,16.7,75
Maine,2020-08-31,2020-08-30,57,33.4,90.4
Maryland,2020-08-31,2020-08-30,69.3,17.7,87
Massachusetts,2020-08-31,2020-08-30,67.3,19.3,86.6
Michigan,2020-08-31,2020-08-30,70,12.5,82.5
Minnesota,2020-08-31,2020-08-30,73.9,14.5,88.4
Mississippi,2020-08-31,2020-08-30,58.9,15.5,74.4
Missouri,2020-08-31,2020-08-30,64.6,22.6,87.2
Montana,2020-08-31,2020-08-30,58.2,15.9,74.1
Nebraska,2020-08-31,2020-08-30,70.4,14.2,84.7
Nevada,2020-08-31,2020-08-30,64.2,15.5,79.7
New Hampshire,2020-08-31,2020-08-30,65,16.9,81.9
New Jersey,2020-08-31,2020-08-30,67,14.8,81.8
New Mexico,2020-08-31,2020-08-30,55.6,16.5,72.1
New York,2020-08-31,2020-08-30,61,18.8,79.9
North Carolina,2020-08-31,2020-08-30,60.7,14.3,75.1
North Dakota,2020-08-31,2020-08-30,63.9,20.7,84.6
Ohio,2020-08-31,2020-08-30,69,16.5,85.5
Oklahoma,2020-08-31,2020-08-30,59.3,20,79.3
Oregon,2020-08-31,2020-08-30,67.8,22.9,90.7
Pennsylvania,2020-08-31,2020-08-30,67.7,18,85.7
Rhode Island,2020-08-31,2020-08-30,62.9,20,82.9
South Carolina,2020-08-31,2020-08-30,58.8,15.3,74.1
South Dakota,2020-08-31,2020-08-30,65.6,15.2,80.8
Tennessee,2020-08-31,2020-08-30,64.2,18.8,83
Texas,2020-08-31,2020-08-30,60.3,18.2,78.5
Utah,2020-08-31,2020-08-30,69.4,16.2,85.6
Vermont,2020-08-31,2020-08-30,58.8,23.5,82.2
Virginia,2020-08-31,2020-08-30,69.5,14.8,84.3
Washington,2020-08-31,2020-08-30,71.1,21,92.1
West Virginia,2020-08-31,2020-08-30,55.6,37.9,93.6
Wisconsin,2020-08-31,2020-08-30,71.2,19.3,90.5
Wyoming,2020-08-31,2020-08-30,59.2,19.9,79.2
Puerto Rico,2020-08-31,2020-08-30,32.3,42,74.3
U.S. Total,2020-09-01,2020-08-31,65,18.2,83.2
Alabama,2020-09-01,2020-08-31,61.8,12.4,74.3
Alaska,2020-09-01,2020-08-31,53,33.6,86.6
Arizona,2020-09-01,2020-08-31,61.5,12.9,74.4
Arkansas,2020-09-01,2020-08-31,59.4,25.8,85.2
California,2020-09-01,2020-08-31,67.3,20.1,87.4
Colorado,2020-09-01,2020-08-31,68.4,16.4,84.8
Connecticut,2020-09-01,2020-08-31,69.2,22,91.2
Delaware,2020-09-01,2020-08-31,62.6,17.7,80.3
District of Columbia,2020-09-01,2020-08-31,61.4,19.7,81.1
Florida,2020-09-01,2020-08-31,61.6,14.7,76.4
Georgia,2020-09-01,2020-08-31,60.3,13.7,74
Hawaii,2020-09-01,2020-08-31,61.8,29.3,91.1
Idaho,2020-09-01,2020-08-31,68.7,28.3,97
Illinois,2020-09-01,2020-08-31,69.7,19,88.7
Indiana,2020-09-01,2020-08-31,69.1,21.8,90.9
Iowa,2020-09-01,2020-08-31,69.8,10.4,80.2
Kansas,2020-09-01,2020-08-31,68.7,23.4,92.1
Kentucky,2020-09-01,2020-08-31,67.1,14.7,81.8
Louisiana,2020-09-01,2020-08-31,58.3,17.4,75.7
Maine,2020-09-01,2020-08-31,57.1,34.1,91.2
Maryland,2020-09-01,2020-08-31,69.4,18.2,87.5
Massachusetts,2020-09-01,2020-08-31,67.4,19.9,87.3
Michigan,2020-09-01,2020-08-31,70,13.3,83.4
Minnesota,2020-09-01,2020-08-31,73.9,15.1,89.1
Mississippi,2020-09-01,2020-08-31,58.9,16.2,75.2
Missouri,2020-09-01,2020-08-31,64.7,23.2,87.9
Montana,2020-09-01,2020-08-31,58.3,16.6,74.9
Nebraska,2020-09-01,2020-08-31,70.5,14.9,85.4
Nevada,2020-09-01,2020-08-31,64.4,16.5,80.9
New Hampshire,2020-09-01,2020-08-31,65.2,17.9,83.1
New Jersey,2020-09-01,2020-08-31,67.1,15.6,82.7
New Mexico,2020-09-01,2020-08-31,55.7,17.3,73
New York,2020-09-01,2020-08-31,61.2,19.7,80.9
North Carolina,2020-09-01,2020-08-31,60.8,15.1,75.9
North Dakota,2020-09-01,2020-08-31,64,21.3,85.3
Ohio,2020-09-01,2020-08-31,69.1,17.2,86.3
Oklahoma,2020-09-01,2020-08-31,59.3,20.7,80
Oregon,2020-09-01,2020-08-31,67.9,23.6,91.4
Pennsylvania,2020-09-01,2020-08-31,67.8,18.6,86.4
Rhode Island,2020-09-01,2020-08-31,63.1,20.8,83.8
South Carolina,2020-09-01,2020-08-31,58.9,16.1,75
South Dakota,2020-09-01,2020-08-31,65.7,15.9,81.6
Tennessee,2020-09-01,2020-08-31,64.3,19.5,83.9
Texas,2020-09-01,2020-08-31,60.4,19.1,79.5
Utah,2020-09-01,2020-08-31,69.5,16.9,86.4
Vermont,2020-09-01,2020-08-31,58.9,24.6,83.5
Virginia,2020-09-01,2020-08-31,69.6,15.4,84.9
Washington,2020-09-01,2020-08-31,71.2,21.5,92.6
West Virginia,2020-09-01,2020-08-31,55.6,38.5,94.2
Wisconsin,2020-09-01,2020-08-31,71.2,20,91.2
Wyoming,2020-09-01,2020-08-31,59.3,20.7,80.1
Puerto Rico,2020-09-01,2020-08-31,32.3,43.5,75.8
U.S. Total,2020-09-02,2020-09-01,65.1,19,84.1
Alabama,2020-09-02,2020-09-01,61.9,13.1,75
Alaska,2020-09-02,2020-09-01,53,34.2,87.2
Arizona,2020-09-02,2020-09-01,61.6,13.7,75.3
Arkansas,2020-09-02,2020-09-01,59.5,26.7,86.2
California,2020-09-02,2020-09-01,67.4,20.7,88.1
Colorado,2020-09-02,2020-09-01,68.4,17,85.5
Connecticut,2020-09-02,2020-09-01,69.2,22.6,91.8
Delaware,2020-09-02,2020-09-01,62.7,18.6,81.3
District of Columbia,2020-09-02,2020-09-01,61.5,20.5,82.1
Florida,2020-09-02,2020-09-01,61.7,15.7,77.4
Georgia,2020-09-02,2020-09-01,60.4,14.5,74.9
Hawaii,2020-09-02,2020-09-01,61.8,30.1,91.9
Idaho,2020-09-02,2020-09-01,68.7,28.5,97.2
Illinois,2020-09-02,2020-09-01,69.8,19.4,89.2
Indiana,2020-09-02,2020-09-01,69.2,22.4,91.6
Iowa,2020-09-02,2020-09-01,69.9,11.2,81.1
Kansas,2020-09-02,2020-09-01,68.8,24,92.7
Kentucky,2020-09-02,2020-09-01,67.2,15.4,82.6
Louisiana,2020-09-02,2020-09-01,58.4,18.1,76.5
Maine,2020-09-02,2020-09-01,57.2,34.8,92
Maryland,2020-09-02,2020-09-01,69.4,18.7,88.2
Massachusetts,2020-09-02,2020-09-01,67.6,20.5,88
Michigan,2020-09-02,2020-09-01,70.1,14.1,84.2
Minnesota,2020-09-02,2020-09-01,74,15.7,89.7
Mississippi,2020-09-02,2020-09-01,59,17,75.9
Missouri,2020-09-02,2020-09-01,64.7,23.9,88.6
Montana,2020-09-02,2020-09-01,58.3,17.5,75.8
Nebraska,2020-09-02,2020-09-01,70.6,15.6,86.2
Nevada,2020-09-02,2020-09-01,64.5,17.6,82.1
New Hampshire,2020-09-02,2020-09-01,65.3,19,84.3
New Jersey,2020-09-02,2020-09-01,67.2,16.4,83.6
New Mexico,2020-09-02,2020-09-01,55.9,18.4,74.3
New York,2020-09-02,2020-09-01,61.4,20.6,82
North Carolina,2020-09-02,2020-09-01,61,16.1,77.1
North Dakota,2020-09-02,2020-09-01,64,21.6,85.7
Ohio,2020-09-02,2020-09-01,69.2,17.9,87.1
Oklahoma,2020-09-02,2020-09-01,59.4,21.4,80.8
Oregon,2020-09-02,2020-09-01,68,24.2,92.1
Pennsylvania,2020-09-02,2020-09-01,67.9,19.4,87.3
Rhode Island,2020-09-02,2020-09-01,63.2,21.7,84.9
South Carolina,2020-09-02,2020-09-01,59,17,76
South Dakota,2020-09-02,2020-09-01,65.7,16.7,82.5
Tennessee,2020-09-02,2020-09-01,64.4,20.3,84.8
Texas,2020-09-02,2020-09-01,60.5,20,80.5
Utah,2020-09-02,2020-09-01,69.6,17.7,87.3
Vermont,2020-09-02,2020-09-01,59,25.7,84.7
Virginia,2020-09-02,2020-09-01,69.6,16,85.6
Washington,2020-09-02,2020-09-01,71.2,22,93.2
West Virginia,2020-09-02,2020-09-01,55.7,39.2,94.8
Wisconsin,2020-09-02,2020-09-01,71.3,20.6,91.9
Wyoming,2020-09-02,2020-09-01,59.4,21.6,81.1
Puerto Rico,2020-09-02,2020-09-01,32.4,44.9,77.3
U.S. Total,2020-09-03,2020-09-02,65.2,19.7,84.9
Alabama,2020-09-03,2020-09-02,61.9,13.8,75.8
Alaska,2020-09-03,2020-09-02,53.1,34.6,87.7
Arizona,2020-09-03,2020-09-02,61.7,14.5,76.2
Arkansas,2020-09-03,2020-09-02,59.5,27.7,87.2
California,2020-09-03,2020-09-02,67.5,21.4,88.9
Colorado,2020-09-03,2020-09-02,68.5,17.7,86.2
Connecticut,2020-09-03,2020-09-02,69.3,23,92.3
Delaware,2020-09-03,2020-09-02,62.8,19.4,82.2
District of Columbia,2020-09-03,2020-09-02,61.6,21.2,82.8
Florida,2020-09-03,2020-09-02,61.8,16.6,78.4
Georgia,2020-09-03,2020-09-02,60.5,15.3,75.7
Hawaii,2020-09-03,2020-09-02,61.8,30.7,92.6
Idaho,2020-09-03,2020-09-02,68.7,28.8,97.5
Illinois,2020-09-03,2020-09-02,69.8,20,89.8
Indiana,2020-09-03,2020-09-02,69.2,23.1,92.3
Iowa,2020-09-03,2020-09-02,70,12.1,82
Kansas,2020-09-03,2020-09-02,68.8,24.5,93.3
Kentucky,2020-09-03,2020-09-02,67.2,16,83.3
Louisiana,2020-09-03,2020-09-02,58.5,18.8,77.3
Maine,2020-09-03,2020-09-02,57.3,35.4,92.7
Maryland,2020-09-03,2020-09-02,69.5,19.2,88.7
Massachusetts,2020-09-03,2020-09-02,67.6,21.1,88.7
Michigan,2020-09-03,2020-09-02,70.2,14.9,85.1
Minnesota,2020-09-03,2020-09-02,74.1,16.2,90.3
Mississippi,2020-09-03,2020-09-02,59,17.7,76.8
Missouri,2020-09-03,2020-09-02,64.8,24.6,89.4
Montana,2020-09-03,2020-09-02,58.4,18.3,76.7
Nebraska,2020-09-03,2020-09-02,70.7,16.4,87
Nevada,2020-09-03,2020-09-02,64.6,18.7,83.3
New Hampshire,2020-09-03,2020-09-02,65.4,19.8,85.2
New Jersey,2020-09-03,2020-09-02,67.3,17.1,84.4
New Mexico,2020-09-03,2020-09-02,56,19.6,75.6
New York,2020-09-03,2020-09-02,61.5,21.4,83
North Carolina,2020-09-03,2020-09-02,61.1,17.1,78.1
North Dakota,2020-09-03,2020-09-02,64.1,22.2,86.3
Ohio,2020-09-03,2020-09-02,69.3,18.6,87.9
Oklahoma,2020-09-03,2020-09-02,59.5,22.1,81.6
Oregon,2020-09-03,2020-09-02,68,24.8,92.8
Pennsylvania,2020-09-03,2020-09-02,68,20,88
Rhode Island,2020-09-03,2020-09-02,63.3,22.4,85.7
South Carolina,2020-09-03,2020-09-02,59.1,17.9,77
South Dakota,2020-09-03,2020-09-02,65.8,17.6,83.4
Tennessee,2020-09-03,2020-09-02,64.5,21.2,85.7
Texas,2020-09-03,2020-09-02,60.6,20.9,81.6
Utah,2020-09-03,2020-09-02,69.7,18.5,88.2
Vermont,2020-09-03,2020-09-02,59.1,26.8,85.9
Virginia,2020-09-03,2020-09-02,69.7,16.6,86.4
Washington,2020-09-03,2020-09-02,71.3,22.4,93.8
West Virginia,2020-09-03,2020-09-02,55.7,39.8,95.4
Wisconsin,2020-09-03,2020-09-02,71.3,21.3,92.6
Wyoming,2020-09-03,2020-09-02,59.5,22.6,82.1
Puerto Rico,2020-09-03,2020-09-02,32.7,46.4,79.1
U.S. Total,2020-09-04,2020-09-03,65.3,20.4,85.7
Alabama,2020-09-04,2020-09-03,62,14.6,76.6
Alaska,2020-09-04,2020-09-03,53.1,35.1,88.2
Arizona,2020-09-04,2020-09-03,61.8,15.3,77.1
Arkansas,2020-09-04,2020-09-03,59.6,28.7,88.3
California,2020-09-04,2020-09-03,67.6,21.9,89.5
Colorado,2020-09-04,2020-09-03,68.6,18.3,86.9
Connecticut,2020-09-04,2020-09-03,69.4,23.4,92.8
Delaware,2020-09-04,2020-09-03,62.9,20.2,83.1
District of Columbia,2020-09-04,2020-09-03,61.7,21.9,83.6
Florida,2020-09-04,2020-09-03,61.9,17.5,79.4
Georgia,2020-09-04,2020-09-03,60.6,16,76.6
Hawaii,2020-09-04,2020-09-03,61.9,31.3,93.2
Idaho,2020-09-04,2020-09-03,68.7,29,97.7
Illinois,2020-09-04,2020-09-03,69.9,20.6,90.4
Indiana,2020-09-04,2020-09-03,69.3,23.7,93
Iowa,2020-09-04,2020-09-03,70,12.9,82.9
Kansas,2020-09-04,2020-09-03,68.9,24.9,93.8
Kentucky,2020-09-04,2020-09-03,67.3,16.7,84
Louisiana,2020-09-04,2020-09-03,58.5,19.6,78.1
Maine,2020-09-04,2020-09-03,57.3,36,93.3
Maryland,2020-09-04,2020-09-03,69.6,19.7,89.2
Massachusetts,2020-09-04,2020-09-03,67.7,21.7,89.4
Michigan,2020-09-04,2020-09-03,70.2,15.7,85.9
Minnesota,2020-09-04,2020-09-03,74.1,16.9,91
Mississippi,2020-09-04,2020-09-03,59.1,18.4,77.5
Missouri,2020-09-04,2020-09-03,64.8,25.3,90.1
Montana,2020-09-04,2020-09-03,58.5,19.1,77.6
Nebraska,2020-09-04,2020-09-03,70.7,17.1,87.8
Nevada,2020-09-04,2020-09-03,64.7,19.5,84.3
New Hampshire,2020-09-04,2020-09-03,65.5,20.7,86.2
New Jersey,2020-09-04,2020-09-03,67.4,17.8,85.3
New Mexico,2020-09-04,2020-09-03,56.1,20.7,76.8
New York,2020-09-04,2020-09-03,61.7,22.3,84
North Carolina,2020-09-04,2020-09-03,61.2,18,79.2
North Dakota,2020-09-04,2020-09-03,64.2,22.9,87
Ohio,2020-09-04,2020-09-03,69.4,19.3,88.6
Oklahoma,2020-09-04,2020-09-03,59.6,22.9,82.5
Oregon,2020-09-04,2020-09-03,68.1,25.3,93.4
Pennsylvania,2020-09-04,2020-09-03,68,20.7,88.7
Rhode Island,2020-09-04,2020-09-03,63.4,23.2,86.6
South Carolina,2020-09-04,2020-09-03,59.2,18.8,78
South Dakota,2020-09-04,2020-09-03,65.9,18.4,84.4
Tennessee,2020-09-04,2020-09-03,64.6,22,86.6
Texas,2020-09-04,2020-09-03,60.7,21.9,82.6
Utah,2020-09-04,2020-09-03,69.7,19.3,89.1
Vermont,2020-09-04,2020-09-03,59.2,27.9,87.1
Virginia,2020-09-04,2020-09-03,69.8,17.2,87
Washington,2020-09-04,2020-09-03,71.4,22.9,94.3
West Virginia,2020-09-04,2020-09-03,55.7,40.3,96
Wisconsin,2020-09-04,2020-09-03,71.4,21.8,93.2
Wyoming,2020-09-04,2020-09-03,59.6,23.4,83
Puerto Rico,2020-09-04,2020-09-03,32.8,47.9,80.7
U.S. Total,2020-09-05,2020-09-04,65.3,21.1,86.4
Alabama,2020-09-05,2020-09-04,62,15.3,77.3
Alaska,2020-09-05,2020-09-04,53.2,35.6,88.8
Arizona,2020-09-05,2020-09-04,61.9,16.1,78
Arkansas,2020-09-05,2020-09-04,59.6,29.7,89.3
California,2020-09-05,2020-09-04,67.7,22.4,90.1
Colorado,2020-09-05,2020-09-04,68.7,18.8,87.5
Connecticut,2020-09-05,2020-09-04,69.4,23.8,93.2
Delaware,2020-09-05,2020-09-04,63,20.9,83.9
District of Columbia,2020-09-05,2020-09-04,61.8,22.6,84.4
Florida,2020-09-05,2020-09-04,62,18.4,80.3
Georgia,2020-09-05,2020-09-04,60.6,16.8,77.4
Hawaii,2020-09-05,2020-09-04,61.9,31.9,93.8
Idaho,2020-09-05,2020-09-04,68.8,29.2,97.9
Illinois,2020-09-05,2020-09-04,69.9,21.1,91
Indiana,2020-09-05,2020-09-04,69.3,24.2,93.5
Iowa,2020-09-05,2020-09-04,70.1,13.6,83.7
Kansas,2020-09-05,2020-09-04,68.9,25.3,94.2
Kentucky,2020-09-05,2020-09-04,67.3,17.3,84.6
Louisiana,2020-09-05,2020-09-04,58.5,20.3,78.8
Maine,2020-09-05,2020-09-04,57.4,36.5,93.9
Maryland,2020-09-05,2020-09-04,69.6,20.1,89.8
Massachusetts,2020-09-05,2020-09-04,67.8,22.3,90
Michigan,2020-09-05,2020-09-04,70.3,16.4,86.7
Minnesota,2020-09-05,2020-09-04,74.2,17.5,91.6
Mississippi,2020-09-05,2020-09-04,59.1,19.1,78.2
Missouri,2020-09-05,2020-09-04,64.9,25.9,90.8
Montana,2020-09-05,2020-09-04,58.6,19.7,78.3
Nebraska,2020-09-05,2020-09-04,70.8,17.7,88.5
Nevada,2020-09-05,2020-09-04,64.8,20.3,85.1
New Hampshire,2020-09-05,2020-09-04,65.6,21.6,87.1
New Jersey,2020-09-05,2020-09-04,67.5,18.5,86
New Mexico,2020-09-05,2020-09-04,56.2,21.8,77.9
New York,2020-09-05,2020-09-04,61.7,23.2,84.9
North Carolina,2020-09-05,2020-09-04,61.2,18.9,80.1
North Dakota,2020-09-05,2020-09-04,64.2,23.6,87.8
Ohio,2020-09-05,2020-09-04,69.4,19.9,89.3
Oklahoma,2020-09-05,2020-09-04,59.6,23.6,83.2
Oregon,2020-09-05,2020-09-04,68.1,25.7,93.9
Pennsylvania,2020-09-05,2020-09-04,68.1,21.2,89.3
Rhode Island,2020-09-05,2020-09-04,63.5,24,87.4
South Carolina,2020-09-05,2020-09-04,59.2,19.6,78.8
South Dakota,2020-09-05,2020-09-04,66,19.1,85
Tennessee,2020-09-05,2020-09-04,64.7,22.8,87.4
Texas,2020-09-05,2020-09-04,60.8,22.8,83.6
Utah,2020-09-05,2020-09-04,69.8,19.9,89.7
Vermont,2020-09-05,2020-09-04,59.3,28.9,88.2
Virginia,2020-09-05,2020-09-04,69.8,17.8,87.7
Washington,2020-09-05,2020-09-04,71.4,23.4,94.8
West Virginia,2020-09-05,2020-09-04,55.7,40.7,96.4
Wisconsin,2020-09-05,2020-09-04,71.4,22.4,93.8
Wyoming,2020-09-05,2020-09-04,59.7,24.2,83.9
Puerto Rico,2020-09-05,2020-09-04,33,49.4,82.4
U.S. Total,2020-09-06,2020-09-05,65.4,21.7,87.1
Alabama,2020-09-06,2020-09-05,62.1,15.9,77.9
Alaska,2020-09-06,2020-09-05,53.2,36.3,89.5
Arizona,2020-09-06,2020-09-05,62,16.8,78.7
Arkansas,2020-09-06,2020-09-05,59.7,30.5,90.2
California,2020-09-06,2020-09-05,67.8,22.9,90.6
Colorado,2020-09-06,2020-09-05,68.7,19.3,88
Connecticut,2020-09-06,2020-09-05,69.5,24.3,93.7
Delaware,2020-09-06,2020-09-05,63.1,21.5,84.6
District of Columbia,2020-09-06,2020-09-05,61.8,23.1,85
Florida,2020-09-06,2020-09-05,62,19.1,81.1
Georgia,2020-09-06,2020-09-05,60.7,17.4,78.1
Hawaii,2020-09-06,2020-09-05,61.9,32.5,94.4
Idaho,2020-09-06,2020-09-05,68.8,29.3,98.1
Illinois,2020-09-06,2020-09-05,70,21.5,91.5
Indiana,2020-09-06,2020-09-05,69.4,24.6,94
Iowa,2020-09-06,2020-09-05,70.1,14.2,84.4
Kansas,2020-09-06,2020-09-05,68.9,25.7,94.6
Kentucky,2020-09-06,2020-09-05,67.3,17.8,85.1
Louisiana,2020-09-06,2020-09-05,58.6,21,79.5
Maine,2020-09-06,2020-09-05,57.4,37,94.4
Maryland,2020-09-06,2020-09-05,69.7,20.5,90.2
Massachusetts,2020-09-06,2020-09-05,67.8,22.8,90.7
Michigan,2020-09-06,2020-09-05,70.3,17,87.3
Minnesota,2020-09-06,2020-09-05,74.2,17.9,92.1
Mississippi,2020-09-06,2020-09-05,59.1,19.8,78.9
Missouri,2020-09-06,2020-09-05,64.9,26.4,91.3
Montana,2020-09-06,2020-09-05,58.7,20.3,78.9
Nebraska,2020-09-06,2020-09-05,70.8,18.2,89
Nevada,2020-09-06,2020-09-05,64.9,21,85.9
New Hampshire,2020-09-06,2020-09-05,65.7,22.3,87.9
New Jersey,2020-09-06,2020-09-05,67.6,19.2,86.7
New Mexico,2020-09-06,2020-09-05,56.2,22.7,79
New York,2020-09-06,2020-09-05,61.8,24,85.8
North Carolina,2020-09-06,2020-09-05,61.3,19.6,80.8
North Dakota,2020-09-06,2020-09-05,64.2,24,88.2
Ohio,2020-09-06,2020-09-05,69.4,20.4,89.8
Oklahoma,2020-09-06,2020-09-05,59.7,24.3,83.9
Oregon,2020-09-06,2020-09-05,68.2,26.1,94.3
Pennsylvania,2020-09-06,2020-09-05,68.1,21.7,89.8
Rhode Island,2020-09-06,2020-09-05,63.6,24.6,88.2
South Carolina,2020-09-06,2020-09-05,59.3,20.2,79.5
South Dakota,2020-09-06,2020-09-05,66,19.7,85.7
Tennessee,2020-09-06,2020-09-05,64.7,23.4,88.1
Texas,2020-09-06,2020-09-05,60.9,23.6,84.4
Utah,2020-09-06,2020-09-05,69.9,20.5,90.3
Vermont,2020-09-06,2020-09-05,59.3,30,89.3
Virginia,2020-09-06,2020-09-05,69.9,18.4,88.3
Washington,2020-09-06,2020-09-05,71.4,23.8,95.3
West Virginia,2020-09-06,2020-09-05,55.7,41,96.7
Wisconsin,2020-09-06,2020-09-05,71.4,22.7,94.2
Wyoming,2020-09-06,2020-09-05,59.8,24.8,84.6
Puerto Rico,2020-09-06,2020-09-05,33,50.8,83.8
U.S. Total,2020-09-07,2020-09-06,65.4,22.2,87.6
Alabama,2020-09-07,2020-09-06,62.1,16.4,78.5
Alaska,2020-09-07,2020-09-06,53.2,36.9,90.1
Arizona,2020-09-07,2020-09-06,62,17.4,79.4
Arkansas,2020-09-07,2020-09-06,59.7,31.2,90.9
California,2020-09-07,2020-09-06,67.8,23.3,91.1
Colorado,2020-09-07,2020-09-06,68.8,19.8,88.6
Connecticut,2020-09-07,2020-09-06,69.5,24.6,94.1
Delaware,2020-09-07,2020-09-06,63.1,22.1,85.2
District of Columbia,2020-09-07,2020-09-06,61.9,23.5,85.4
Florida,2020-09-07,2020-09-06,62.1,19.7,81.8
Georgia,2020-09-07,2020-09-06,60.7,17.9,78.7
Hawaii,2020-09-07,2020-09-06,61.9,33.1,95
Idaho,2020-09-07,2020-09-06,68.8,29.5,98.3
Illinois,2020-09-07,2020-09-06,70,22,92
Indiana,2020-09-07,2020-09-06,69.4,25,94.4
Iowa,2020-09-07,2020-09-06,70.2,14.9,85
Kansas,2020-09-07,2020-09-06,68.9,26.1,95
Kentucky,2020-09-07,2020-09-06,67.3,18.2,85.6
Louisiana,2020-09-07,2020-09-06,58.6,21.6,80.2
Maine,2020-09-07,2020-09-06,57.4,37.3,94.7
Maryland,2020-09-07,2020-09-06,69.7,20.9,90.6
Massachusetts,2020-09-07,2020-09-06,67.9,23.3,91.1
Michigan,2020-09-07,2020-09-06,70.3,17.4,87.8
Minnesota,2020-09-07,2020-09-06,74.2,18.4,92.6
Mississippi,2020-09-07,2020-09-06,59.2,20.4,79.6
Missouri,2020-09-07,2020-09-06,64.9,26.8,91.7
Montana,2020-09-07,2020-09-06,58.7,20.8,79.4
Nebraska,2020-09-07,2020-09-06,70.9,18.7,89.5
Nevada,2020-09-07,2020-09-06,65,21.7,86.6
New Hampshire,2020-09-07,2020-09-06,65.7,23.1,88.8
New Jersey,2020-09-07,2020-09-06,67.6,19.7,87.3
New Mexico,2020-09-07,2020-09-06,56.3,23.6,79.9
New York,2020-09-07,2020-09-06,61.9,24.7,86.6
North Carolina,2020-09-07,2020-09-06,61.3,20.1,81.5
North Dakota,2020-09-07,2020-09-06,64.2,24.4,88.6
Ohio,2020-09-07,2020-09-06,69.5,20.9,90.3
Oklahoma,2020-09-07,2020-09-06,59.7,24.9,84.6
Oregon,2020-09-07,2020-09-06,68.2,26.4,94.6
Pennsylvania,2020-09-07,2020-09-06,68.1,22.1,90.3
Rhode Island,2020-09-07,2020-09-06,63.6,25.3,88.9
South Carolina,2020-09-07,2020-09-06,59.3,20.8,80.1
South Dakota,2020-09-07,2020-09-06,66,20.2,86.3
Tennessee,2020-09-07,2020-09-06,64.7,23.9,88.6
Texas,2020-09-07,2020-09-06,60.9,24.3,85.2
Utah,2020-09-07,2020-09-06,69.9,20.8,90.7
Vermont,2020-09-07,2020-09-06,59.4,31,90.4
Virginia,2020-09-07,2020-09-06,69.9,18.9,88.8
Washington,2020-09-07,2020-09-06,71.5,24.4,95.9
West Virginia,2020-09-07,2020-09-06,55.7,41.3,97.1
Wisconsin,2020-09-07,2020-09-06,71.5,23.1,94.5
Wyoming,2020-09-07,2020-09-06,59.8,25.4,85.2
Puerto Rico,2020-09-07,2020-09-06,33.1,52,85.1
U.S. Total,2020-09-08,2020-09-07,65.5,22.7,88.2
Alabama,2020-09-08,2020-09-07,62.1,16.9,79
Alaska,2020-09-08,2020-09-07,53.3,37.4,90.7
Arizona,2020-09-08,2020-09-07,62.1,18,80.1
Arkansas,2020-09-08,2020-09-07,59.7,31.8,91.5
California,2020-09-08,2020-09-07,67.9,23.7,91.5
Colorado,2020-09-08,2020-09-07,68.8,20.2,89
Connecticut,2020-09-08,2020-09-07,69.5,24.9,94.4
Delaware,2020-09-08,2020-09-07,63.2,22.6,85.8
District of Columbia,2020-09-08,2020-09-07,61.9,23.9,85.8
Florida,2020-09-08,2020-09-07,62.1,20.4,82.5
Georgia,2020-09-08,2020-09-07,60.8,18.6,79.3
Hawaii,2020-09-08,2020-09-07,61.9,33.6,95.6
Idaho,2020-09-08,2020-09-07,68.8,29.6,98.4
Illinois,2020-09-08,2020-09-07,70,22.3,92.4
Indiana,2020-09-08,2020-09-07,69.4,25.3,94.7
Iowa,2020-09-08,2020-09-07,70.2,15.4,85.6
Kansas,2020-09-08,2020-09-07,69,26.4,95.3
Kentucky,2020-09-08,2020-09-07,67.4,18.7,86.1
Louisiana,2020-09-08,2020-09-07,58.6,22.1,80.8
Maine,2020-09-08,2020-09-07,57.4,37.6,95
Maryland,2020-09-08,2020-09-07,69.7,21.1,90.9
Massachusetts,2020-09-08,2020-09-07,67.9,23.7,91.6
Michigan,2020-09-08,2020-09-07,70.4,17.8,88.2
Minnesota,2020-09-08,2020-09-07,74.3,18.7,93
Mississippi,2020-09-08,2020-09-07,59.2,20.9,80.1
Missouri,2020-09-08,2020-09-07,65,27.2,92.1
Montana,2020-09-08,2020-09-07,58.7,21.1,79.9
Nebraska,2020-09-08,2020-09-07,70.9,19.1,90
Nevada,2020-09-08,2020-09-07,65,22.2,87.2
New Hampshire,2020-09-08,2020-09-07,65.8,23.7,89.4
New Jersey,2020-09-08,2020-09-07,67.7,20.2,87.9
New Mexico,2020-09-08,2020-09-07,56.4,24.3,80.7
New York,2020-09-08,2020-09-07,61.9,25.3,87.3
North Carolina,2020-09-08,2020-09-07,61.4,20.7,82.1
North Dakota,2020-09-08,2020-09-07,64.3,24.9,89.2
Ohio,2020-09-08,2020-09-07,69.5,21.1,90.6
Oklahoma,2020-09-08,2020-09-07,59.7,25.5,85.3
Oregon,2020-09-08,2020-09-07,68.3,26.7,94.9
Pennsylvania,2020-09-08,2020-09-07,68.2,22.4,90.6
Rhode Island,2020-09-08,2020-09-07,63.7,25.8,89.4
South Carolina,2020-09-08,2020-09-07,59.4,21.3,80.7
South Dakota,2020-09-08,2020-09-07,66.1,20.6,86.7
Tennessee,2020-09-08,2020-09-07,64.8,24.3,89.1
Texas,2020-09-08,2020-09-07,61,24.9,85.9
Utah,2020-09-08,2020-09-07,69.9,21.2,91.1
Vermont,2020-09-08,2020-09-07,59.4,31.9,91.3
Virginia,2020-09-08,2020-09-07,70,19.3,89.3
Washington,2020-09-08,2020-09-07,71.5,24.7,96.2
West Virginia,2020-09-08,2020-09-07,55.8,41.6,97.3
Wisconsin,2020-09-08,2020-09-07,71.5,23.5,94.9
Wyoming,2020-09-08,2020-09-07,59.8,25.8,85.6
Puerto Rico,2020-09-08,2020-09-07,33.1,53.2,86.4
U.S. Total,2020-09-09,2020-09-08,65.5,23.3,88.8
Alabama,2020-09-09,2020-09-08,62.2,17.7,79.8
Alaska,2020-09-09,2020-09-08,53.3,37.9,91.2
Arizona,2020-09-09,2020-09-08,62.2,18.6,80.8
Arkansas,2020-09-09,2020-09-08,59.8,32.5,92.3
California,2020-09-09,2020-09-08,67.9,24.1,92.1
Colorado,2020-09-09,2020-09-08,68.8,20.5,89.4
Connecticut,2020-09-09,2020-09-08,69.6,25.2,94.7
Delaware,2020-09-09,2020-09-08,63.3,23.2,86.4
District of Columbia,2020-09-09,2020-09-08,62,24.5,86.5
Florida,2020-09-09,2020-09-08,62.2,21.1,83.3
Georgia,2020-09-09,2020-09-08,60.8,19.3,80.2
Hawaii,2020-09-09,2020-09-08,62,34.2,96.1
Idaho,2020-09-09,2020-09-08,68.8,29.7,98.5
Illinois,2020-09-09,2020-09-08,70.1,22.7,92.8
Indiana,2020-09-09,2020-09-08,69.5,25.7,95.1
Iowa,2020-09-09,2020-09-08,70.3,15.9,86.2
Kansas,2020-09-09,2020-09-08,69,26.6,95.6
Kentucky,2020-09-09,2020-09-08,67.4,19.2,86.7
Louisiana,2020-09-09,2020-09-08,58.7,22.6,81.3
Maine,2020-09-09,2020-09-08,57.5,38,95.4
Maryland,2020-09-09,2020-09-08,69.8,21.5,91.3
Massachusetts,2020-09-09,2020-09-08,68,24.1,92
Michigan,2020-09-09,2020-09-08,70.4,18.4,88.7
Minnesota,2020-09-09,2020-09-08,74.3,19.3,93.6
Mississippi,2020-09-09,2020-09-08,59.2,21.5,80.7
Missouri,2020-09-09,2020-09-08,65,27.7,92.7
Montana,2020-09-09,2020-09-08,58.8,21.9,80.7
Nebraska,2020-09-09,2020-09-08,70.9,19.5,90.4
Nevada,2020-09-09,2020-09-08,65.1,22.7,87.8
New Hampshire,2020-09-09,2020-09-08,65.8,24.4,90.2
New Jersey,2020-09-09,2020-09-08,67.8,20.8,88.5
New Mexico,2020-09-09,2020-09-08,56.4,25.1,81.5
New York,2020-09-09,2020-09-08,62,26,88
North Carolina,2020-09-09,2020-09-08,61.5,21.5,82.9
North Dakota,2020-09-09,2020-09-08,64.3,25.4,89.7
Ohio,2020-09-09,2020-09-08,69.6,21.6,91.2
Oklahoma,2020-09-09,2020-09-08,59.8,26.2,85.9
Oregon,2020-09-09,2020-09-08,68.3,27,95.2
Pennsylvania,2020-09-09,2020-09-08,68.2,22.9,91.2
Rhode Island,2020-09-09,2020-09-08,63.7,26.3,90
South Carolina,2020-09-09,2020-09-08,59.4,22.1,81.5
South Dakota,2020-09-09,2020-09-08,66.1,21.2,87.4
Tennessee,2020-09-09,2020-09-08,64.8,24.9,89.7
Texas,2020-09-09,2020-09-08,61.1,25.7,86.8
Utah,2020-09-09,2020-09-08,70,21.7,91.7
Vermont,2020-09-09,2020-09-08,59.5,32.7,92.2
Virginia,2020-09-09,2020-09-08,70,19.8,89.8
Washington,2020-09-09,2020-09-08,71.5,25,96.5
West Virginia,2020-09-09,2020-09-08,55.8,41.9,97.7
Wisconsin,2020-09-09,2020-09-08,71.5,23.8,95.3
Wyoming,2020-09-09,2020-09-08,59.9,26.1,86
Puerto Rico,2020-09-09,2020-09-08,33.8,53.9,87.6
U.S. Total,2020-09-10,2020-09-09,65.6,23.8,89.4
Alabama,2020-09-10,2020-09-09,62.2,18.4,80.6
Alaska,2020-09-10,2020-09-09,53.4,38.5,91.8
Arizona,2020-09-10,2020-09-09,62.3,19.5,81.7
Arkansas,2020-09-10,2020-09-09,59.8,33.1,93
California,2020-09-10,2020-09-09,68,24.6,92.6
Colorado,2020-09-10,2020-09-09,68.9,20.8,89.7
Connecticut,2020-09-10,2020-09-09,69.6,25.5,95.1
Delaware,2020-09-10,2020-09-09,63.4,23.8,87.2
District of Columbia,2020-09-10,2020-09-09,62.1,25.2,87.3
Florida,2020-09-10,2020-09-09,62.3,21.9,84.2
Georgia,2020-09-10,2020-09-09,61,20.1,81.1
Hawaii,2020-09-10,2020-09-09,62,34.6,96.6
Idaho,2020-09-10,2020-09-09,68.8,29.9,98.7
Illinois,2020-09-10,2020-09-09,70.1,23.1,93.2
Indiana,2020-09-10,2020-09-09,69.5,26,95.5
Iowa,2020-09-10,2020-09-09,70.3,16.4,86.7
Kansas,2020-09-10,2020-09-09,69,26.9,95.9
Kentucky,2020-09-10,2020-09-09,67.5,19.8,87.3
Louisiana,2020-09-10,2020-09-09,58.8,23.1,81.9
Maine,2020-09-10,2020-09-09,57.5,38.3,95.8
Maryland,2020-09-10,2020-09-09,69.8,22,91.9
Massachusetts,2020-09-10,2020-09-09,68.1,24.5,92.5
Michigan,2020-09-10,2020-09-09,70.4,19,89.5
Minnesota,2020-09-10,2020-09-09,74.4,19.7,94
Mississippi,2020-09-10,2020-09-09,59.3,22.1,81.4
Missouri,2020-09-10,2020-09-09,65,28.1,93.1
Montana,2020-09-10,2020-09-09,58.9,22.7,81.5
Nebraska,2020-09-10,2020-09-09,71,19.9,90.9
Nevada,2020-09-10,2020-09-09,65.2,23.4,88.6
New Hampshire,2020-09-10,2020-09-09,65.9,25.3,91.3
New Jersey,2020-09-10,2020-09-09,67.9,21.4,89.2
New Mexico,2020-09-10,2020-09-09,56.5,26.3,82.8
New York,2020-09-10,2020-09-09,62.2,26.6,88.8
North Carolina,2020-09-10,2020-09-09,61.6,22.2,83.8
North Dakota,2020-09-10,2020-09-09,64.4,25.9,90.2
Ohio,2020-09-10,2020-09-09,69.6,22.2,91.8
Oklahoma,2020-09-10,2020-09-09,59.9,26.7,86.5
Oregon,2020-09-10,2020-09-09,68.3,27.2,95.6
Pennsylvania,2020-09-10,2020-09-09,68.3,23.4,91.7
Rhode Island,2020-09-10,2020-09-09,63.8,26.9,90.7
South Carolina,2020-09-10,2020-09-09,59.5,22.8,82.4
South Dakota,2020-09-10,2020-09-09,66.2,21.8,88.1
Tennessee,2020-09-10,2020-09-09,64.9,25.6,90.5
Texas,2020-09-10,2020-09-09,61.2,26.4,87.5
Utah,2020-09-10,2020-09-09,70.1,22.2,92.2
Vermont,2020-09-10,2020-09-09,59.5,33.5,93.1
Virginia,2020-09-10,2020-09-09,70.1,20.3,90.4
Washington,2020-09-10,2020-09-09,71.6,25.3,96.8
West Virginia,2020-09-10,2020-09-09,55.8,42.3,98.1
Wisconsin,2020-09-10,2020-09-09,71.5,24.1,95.6
Wyoming,2020-09-10,2020-09-09,60,26.7,86.6
Puerto Rico,2020-09-10,2020-09-09,33.8,54.8,88.6
U.S. Total,2020-09-11,2020-09-10,65.7,24.4,90.1
Alabama,2020-09-11,2020-09-10,62.3,19.1,81.5
Alaska,2020-09-11,2020-09-10,53.4,39.1,92.5
Arizona,2020-09-11,2020-09-10,62.4,20.4,82.8
Arkansas,2020-09-11,2020-09-10,59.9,33.8,93.7
California,2020-09-11,2020-09-10,68.1,25.1,93.1
Colorado,2020-09-11,2020-09-10,69,21.4,90.3
Connecticut,2020-09-11,2020-09-10,69.7,25.8,95.4
Delaware,2020-09-11,2020-09-10,63.5,24.5,88
District of Columbia,2020-09-11,2020-09-10,62.2,25.9,88
Florida,2020-09-11,2020-09-10,62.4,22.7,85.1
Georgia,2020-09-11,2020-09-10,61.1,21,82.1
Hawaii,2020-09-11,2020-09-10,62.1,35.1,97.2
Idaho,2020-09-11,2020-09-10,68.9,30,98.9
Illinois,2020-09-11,2020-09-10,70.2,23.5,93.7
Indiana,2020-09-11,2020-09-10,69.6,26.4,96
Iowa,2020-09-11,2020-09-10,70.4,17.1,87.5
Kansas,2020-09-11,2020-09-10,69.1,27.2,96.2
Kentucky,2020-09-11,2020-09-10,67.5,20.4,87.9
Louisiana,2020-09-11,2020-09-10,58.9,23.8,82.7
Maine,2020-09-11,2020-09-10,57.6,38.8,96.3
Maryland,2020-09-11,2020-09-10,69.9,22.3,92.2
Massachusetts,2020-09-11,2020-09-10,68.1,24.9,93
Michigan,2020-09-11,2020-09-10,70.5,19.7,90.2
Minnesota,2020-09-11,2020-09-10,74.4,20.2,94.6
Mississippi,2020-09-11,2020-09-10,59.3,22.9,82.3
Missouri,2020-09-11,2020-09-10,65.1,28.6,93.7
Montana,2020-09-11,2020-09-10,58.9,23.4,82.3
Nebraska,2020-09-11,2020-09-10,71,20.5,91.6
Nevada,2020-09-11,2020-09-10,65.3,24,89.3
New Hampshire,2020-09-11,2020-09-10,66,26.1,92.1
New Jersey,2020-09-11,2020-09-10,68,21.9,89.9
New Mexico,2020-09-11,2020-09-10,56.6,27.1,83.7
New York,2020-09-11,2020-09-10,62.3,27.3,89.6
North Carolina,2020-09-11,2020-09-10,61.7,23.1,84.8
North Dakota,2020-09-11,2020-09-10,64.4,26.4,90.8
Ohio,2020-09-11,2020-09-10,69.7,22.7,92.4
Oklahoma,2020-09-11,2020-09-10,59.9,27.4,87.3
Oregon,2020-09-11,2020-09-10,68.4,27.5,95.9
Pennsylvania,2020-09-11,2020-09-10,68.4,23.9,92.3
Rhode Island,2020-09-11,2020-09-10,63.9,27.5,91.4
South Carolina,2020-09-11,2020-09-10,59.6,23.6,83.2
South Dakota,2020-09-11,2020-09-10,66.3,22.5,88.8
Tennessee,2020-09-11,2020-09-10,65,26.1,91.1
Texas,2020-09-11,2020-09-10,61.3,27.2,88.5
Utah,2020-09-11,2020-09-10,70.1,22.8,92.9
Vermont,2020-09-11,2020-09-10,59.6,34.3,93.9
Virginia,2020-09-11,2020-09-10,70.2,20.8,91
Washington,2020-09-11,2020-09-10,71.6,25.5,97.2
West Virginia,2020-09-11,2020-09-10,55.8,42.6,98.4
Wisconsin,2020-09-11,2020-09-10,71.6,24.4,96
Wyoming,2020-09-11,2020-09-10,60,27.4,87.5
Puerto Rico,2020-09-11,2020-09-10,33.9,56,89.9
U.S. Total,2020-09-12,2020-09-11,65.7,25,90.8
Alabama,2020-09-12,2020-09-11,62.4,19.9,82.3
Alaska,2020-09-12,2020-09-11,53.5,39.7,93.1
Arizona,2020-09-12,2020-09-11,62.5,21.4,83.9
Arkansas,2020-09-12,2020-09-11,59.9,34.4,94.3
California,2020-09-12,2020-09-11,68.2,25.5,93.7
Colorado,2020-09-12,2020-09-11,69,21.9,90.9
Connecticut,2020-09-12,2020-09-11,69.7,26.1,95.8
Delaware,2020-09-12,2020-09-11,63.6,25.2,88.8
District of Columbia,2020-09-12,2020-09-11,62.2,26.5,88.8
Florida,2020-09-12,2020-09-11,62.5,23.5,86
Georgia,2020-09-12,2020-09-11,61.1,21.9,83.1
Hawaii,2020-09-12,2020-09-11,62.2,35.4,97.6
Idaho,2020-09-12,2020-09-11,68.9,30.2,99.1
Illinois,2020-09-12,2020-09-11,70.2,23.9,94.1
Indiana,2020-09-12,2020-09-11,69.6,26.8,96.4
Iowa,2020-09-12,2020-09-11,70.4,17.7,88.1
Kansas,2020-09-12,2020-09-11,69.1,27.5,96.5
Kentucky,2020-09-12,2020-09-11,67.5,21,88.5
Louisiana,2020-09-12,2020-09-11,58.9,24.5,83.5
Maine,2020-09-12,2020-09-11,57.6,39.1,96.7
Maryland,2020-09-12,2020-09-11,70,22.9,92.8
Massachusetts,2020-09-12,2020-09-11,68.2,25.3,93.5
Michigan,2020-09-12,2020-09-11,70.5,20.4,90.9
Minnesota,2020-09-12,2020-09-11,74.4,20.6,95
Mississippi,2020-09-12,2020-09-11,59.4,23.7,83.1
Missouri,2020-09-12,2020-09-11,65.1,29,94.1
Montana,2020-09-12,2020-09-11,59,24.2,83.2
Nebraska,2020-09-12,2020-09-11,71.1,21.1,92.1
Nevada,2020-09-12,2020-09-11,65.3,24.7,90
New Hampshire,2020-09-12,2020-09-11,66,26.8,92.9
New Jersey,2020-09-12,2020-09-11,68,22.6,90.7
New Mexico,2020-09-12,2020-09-11,56.7,27.9,84.6
New York,2020-09-12,2020-09-11,62.4,28.1,90.5
North Carolina,2020-09-12,2020-09-11,61.7,23.9,85.6
North Dakota,2020-09-12,2020-09-11,64.5,27.1,91.6
Ohio,2020-09-12,2020-09-11,69.8,23.3,93
Oklahoma,2020-09-12,2020-09-11,60,28.1,88.1
Oregon,2020-09-12,2020-09-11,68.4,27.7,96.1
Pennsylvania,2020-09-12,2020-09-11,68.4,24.4,92.8
Rhode Island,2020-09-12,2020-09-11,64,28.2,92.1
South Carolina,2020-09-12,2020-09-11,59.7,24.3,84
South Dakota,2020-09-12,2020-09-11,66.3,23.1,89.5
Tennessee,2020-09-12,2020-09-11,65,26.7,91.7
Texas,2020-09-12,2020-09-11,61.3,28,89.3
Utah,2020-09-12,2020-09-11,70.2,23.3,93.5
Vermont,2020-09-12,2020-09-11,59.7,34.8,94.5
Virginia,2020-09-12,2020-09-11,70.2,21.4,91.6
Washington,2020-09-12,2020-09-11,71.6,25.8,97.4
West Virginia,2020-09-12,2020-09-11,55.9,42.8,98.7
Wisconsin,2020-09-12,2020-09-11,71.6,24.7,96.3
Wyoming,2020-09-12,2020-09-11,60.1,28.1,88.2
Puerto Rico,2020-09-12,2020-09-11,33.9,56.9,90.8
U.S. Total,2020-09-13,2020-09-12,65.8,25.5,91.3
Alabama,2020-09-13,2020-09-12,62.4,20.6,83
Alaska,2020-09-13,2020-09-12,53.5,40.1,93.6
Arizona,2020-09-13,2020-09-12,62.5,22.4,84.9
Arkansas,2020-09-13,2020-09-12,59.9,34.8,94.8
California,2020-09-13,2020-09-12,68.2,25.8,94
Colorado,2020-09-13,2020-09-12,69,22.3,91.3
Connecticut,2020-09-13,2020-09-12,69.7,26.4,96.2
Delaware,2020-09-13,2020-09-12,63.6,26,89.6
District of Columbia,2020-09-13,2020-09-12,62.3,27.1,89.4
Florida,2020-09-13,2020-09-12,62.5,24.2,86.7
Georgia,2020-09-13,2020-09-12,61.2,22.8,83.9
Hawaii,2020-09-13,2020-09-12,62.3,35.6,97.8
Idaho,2020-09-13,2020-09-12,68.9,30.3,99.2
Illinois,2020-09-13,2020-09-12,70.3,24,94.3
Indiana,2020-09-13,2020-09-12,69.6,27,96.6
Iowa,2020-09-13,2020-09-12,70.5,18.3,88.7
Kansas,2020-09-13,2020-09-12,69.1,27.7,96.8
Kentucky,2020-09-13,2020-09-12,67.6,21.5,89
Louisiana,2020-09-13,2020-09-12,59,25.1,84.1
Maine,2020-09-13,2020-09-12,57.6,39.2,96.8
Maryland,2020-09-13,2020-09-12,70,23.3,93.3
Massachusetts,2020-09-13,2020-09-12,68.2,25.6,93.9
Michigan,2020-09-13,2020-09-12,70.6,20.9,91.5
Minnesota,2020-09-13,2020-09-12,74.4,20.9,95.3
Mississippi,2020-09-13,2020-09-12,59.4,24.4,83.8
Missouri,2020-09-13,2020-09-12,65.1,29.3,94.4
Montana,2020-09-13,2020-09-12,59.1,24.8,83.9
Nebraska,2020-09-13,2020-09-12,71.1,21.5,92.6
Nevada,2020-09-13,2020-09-12,65.4,25.3,90.7
New Hampshire,2020-09-13,2020-09-12,66.1,27.2,93.3
New Jersey,2020-09-13,2020-09-12,68.1,23.3,91.4
New Mexico,2020-09-13,2020-09-12,56.8,28.6,85.4
New York,2020-09-13,2020-09-12,62.4,28.8,91.3
North Carolina,2020-09-13,2020-09-12,61.8,24.6,86.3
North Dakota,2020-09-13,2020-09-12,64.5,27.7,92.2
Ohio,2020-09-13,2020-09-12,69.8,23.7,93.5
Oklahoma,2020-09-13,2020-09-12,60,28.7,88.7
Oregon,2020-09-13,2020-09-12,68.4,27.8,96.2
Pennsylvania,2020-09-13,2020-09-12,68.5,24.8,93.3
Rhode Island,2020-09-13,2020-09-12,64,28.7,92.7
South Carolina,2020-09-13,2020-09-12,59.7,25,84.7
South Dakota,2020-09-13,2020-09-12,66.4,23.7,90
Tennessee,2020-09-13,2020-09-12,65.1,27.2,92.3
Texas,2020-09-13,2020-09-12,61.4,28.7,90.1
Utah,2020-09-13,2020-09-12,70.2,23.7,93.9
Vermont,2020-09-13,2020-09-12,59.7,35.4,95
Virginia,2020-09-13,2020-09-12,70.3,21.8,92.1
Washington,2020-09-13,2020-09-12,71.7,25.6,97.3
West Virginia,2020-09-13,2020-09-12,55.9,43.1,99
Wisconsin,2020-09-13,2020-09-12,71.6,24.8,96.4
Wyoming,2020-09-13,2020-09-12,60.1,28.6,88.7
Puerto Rico,2020-09-13,2020-09-12,33.9,58,92
U.S. Total,2020-09-14,2020-09-13,65.8,26,91.8
Alabama,2020-09-14,2020-09-13,62.4,21.2,83.7
Alaska,2020-09-14,2020-09-13,53.5,40.6,94.1
Arizona,2020-09-14,2020-09-13,62.6,23.3,85.9
Arkansas,2020-09-14,2020-09-13,59.9,35.4,95.3
California,2020-09-14,2020-09-13,68.2,26.3,94.5
Colorado,2020-09-14,2020-09-13,69.1,22.8,91.9
Connecticut,2020-09-14,2020-09-13,69.8,26.7,96.5
Delaware,2020-09-14,2020-09-13,63.7,26.6,90.2
District of Columbia,2020-09-14,2020-09-13,62.3,27.7,90.1
Florida,2020-09-14,2020-09-13,62.6,24.8,87.4
Georgia,2020-09-14,2020-09-13,61.2,23.5,84.7
Hawaii,2020-09-14,2020-09-13,62.3,35.9,98.2
Idaho,2020-09-14,2020-09-13,68.9,30.5,99.3
Illinois,2020-09-14,2020-09-13,70.3,24.4,94.7
Indiana,2020-09-14,2020-09-13,69.7,27.2,96.8
Iowa,2020-09-14,2020-09-13,70.5,18.9,89.4
Kansas,2020-09-14,2020-09-13,69.1,28,97.1
Kentucky,2020-09-14,2020-09-13,67.6,21.9,89.5
Louisiana,2020-09-14,2020-09-13,59,25.7,84.7
Maine,2020-09-14,2020-09-13,57.6,39.4,97
Maryland,2020-09-14,2020-09-13,70,23.7,93.8
Massachusetts,2020-09-14,2020-09-13,68.3,26,94.3
Michigan,2020-09-14,2020-09-13,70.6,21.4,92
Minnesota,2020-09-14,2020-09-13,74.5,21.2,95.7
Mississippi,2020-09-14,2020-09-13,59.4,25.2,84.6
Missouri,2020-09-14,2020-09-13,65.2,29.6,94.8
Montana,2020-09-14,2020-09-13,59.1,25.5,84.6
Nebraska,2020-09-14,2020-09-13,71.1,22,93.1
Nevada,2020-09-14,2020-09-13,65.4,26,91.4
New Hampshire,2020-09-14,2020-09-13,66.1,27.8,93.9
New Jersey,2020-09-14,2020-09-13,68.1,23.9,92.1
New Mexico,2020-09-14,2020-09-13,56.8,29.3,86.1
New York,2020-09-14,2020-09-13,62.5,29.5,92
North Carolina,2020-09-14,2020-09-13,61.8,25.1,87
North Dakota,2020-09-14,2020-09-13,64.5,28.3,92.8
Ohio,2020-09-14,2020-09-13,69.8,24.2,94
Oklahoma,2020-09-14,2020-09-13,60,29.4,89.4
Oregon,2020-09-14,2020-09-13,68.4,27.9,96.3
Pennsylvania,2020-09-14,2020-09-13,68.5,25.2,93.7
Rhode Island,2020-09-14,2020-09-13,64.1,29.3,93.3
South Carolina,2020-09-14,2020-09-13,59.7,25.6,85.3
South Dakota,2020-09-14,2020-09-13,66.4,24.2,90.6
Tennessee,2020-09-14,2020-09-13,65.1,27.7,92.8
Texas,2020-09-14,2020-09-13,61.4,29.3,90.8
Utah,2020-09-14,2020-09-13,70.2,24,94.2
Vermont,2020-09-14,2020-09-13,59.7,35.9,95.6
Virginia,2020-09-14,2020-09-13,70.3,22.3,92.6
Washington,2020-09-14,2020-09-13,71.7,25.8,97.5
West Virginia,2020-09-14,2020-09-13,55.9,43.3,99.2
Wisconsin,2020-09-14,2020-09-13,71.7,25.1,96.7
Wyoming,2020-09-14,2020-09-13,60.2,29.1,89.3
Puerto Rico,2020-09-14,2020-09-13,34,59,92.9
U.S. Total,2020-09-15,2020-09-14,65.9,26.6,92.4
Alabama,2020-09-15,2020-09-14,62.5,21.9,84.4
Alaska,2020-09-15,2020-09-14,53.5,41,94.6
Arizona,2020-09-15,2020-09-14,62.7,24.2,86.9
Arkansas,2020-09-15,2020-09-14,60,35.9,95.9
California,2020-09-15,2020-09-14,68.3,26.7,95
Colorado,2020-09-15,2020-09-14,69.1,23.3,92.4
Connecticut,2020-09-15,2020-09-14,69.8,27.1,96.9
Delaware,2020-09-15,2020-09-14,63.7,27.2,90.9
District of Columbia,2020-09-15,2020-09-14,62.4,28.3,90.7
Florida,2020-09-15,2020-09-14,62.6,25.6,88.2
Georgia,2020-09-15,2020-09-14,61.3,24.3,85.6
Hawaii,2020-09-15,2020-09-14,62.3,36.1,98.4
Idaho,2020-09-15,2020-09-14,68.9,30.5,99.4
Illinois,2020-09-15,2020-09-14,70.3,24.8,95.1
Indiana,2020-09-15,2020-09-14,69.7,27.5,97.2
Iowa,2020-09-15,2020-09-14,70.5,19.6,90.1
Kansas,2020-09-15,2020-09-14,69.1,28.2,97.3
Kentucky,2020-09-15,2020-09-14,67.6,22.4,90.1
Louisiana,2020-09-15,2020-09-14,59.1,26.4,85.4
Maine,2020-09-15,2020-09-14,57.7,39.7,97.3
Maryland,2020-09-15,2020-09-14,70.1,24.2,94.3
Massachusetts,2020-09-15,2020-09-14,68.3,26.4,94.7
Michigan,2020-09-15,2020-09-14,70.6,22,92.7
Minnesota,2020-09-15,2020-09-14,74.5,21.6,96.1
Mississippi,2020-09-15,2020-09-14,59.5,26,85.4
Missouri,2020-09-15,2020-09-14,65.2,30,95.2
Montana,2020-09-15,2020-09-14,59.2,26.2,85.3
Nebraska,2020-09-15,2020-09-14,71.2,22.5,93.7
Nevada,2020-09-15,2020-09-14,65.5,26.7,92.2
New Hampshire,2020-09-15,2020-09-14,66.2,28.3,94.4
New Jersey,2020-09-15,2020-09-14,68.2,24.5,92.7
New Mexico,2020-09-15,2020-09-14,56.9,30,86.9
New York,2020-09-15,2020-09-14,62.6,30.1,92.7
North Carolina,2020-09-15,2020-09-14,61.9,25.8,87.7
North Dakota,2020-09-15,2020-09-14,64.5,29,93.5
Ohio,2020-09-15,2020-09-14,69.9,24.6,94.5
Oklahoma,2020-09-15,2020-09-14,60.1,30,90.1
Oregon,2020-09-15,2020-09-14,68.4,28,96.5
Pennsylvania,2020-09-15,2020-09-14,68.5,25.6,94.2
Rhode Island,2020-09-15,2020-09-14,64.1,29.8,93.9
South Carolina,2020-09-15,2020-09-14,59.8,26.3,86.1
South Dakota,2020-09-15,2020-09-14,66.4,24.8,91.2
Tennessee,2020-09-15,2020-09-14,65.1,28.3,93.4
Texas,2020-09-15,2020-09-14,61.5,30.1,91.6
Utah,2020-09-15,2020-09-14,70.3,24.4,94.7
Vermont,2020-09-15,2020-09-14,59.8,36.4,96.2
Virginia,2020-09-15,2020-09-14,70.3,22.8,93.1
Washington,2020-09-15,2020-09-14,71.7,26,97.7
West Virginia,2020-09-15,2020-09-14,55.9,43.5,99.4
Wisconsin,2020-09-15,2020-09-14,71.7,25.4,97
Wyoming,2020-09-15,2020-09-14,60.2,29.8,90
Puerto Rico,2020-09-15,2020-09-14,34,59.9,93.9
U.S. Total,2020-09-16,2020-09-15,65.9,27.1,93
Alabama,2020-09-16,2020-09-15,62.6,22.5,85
Alaska,2020-09-16,2020-09-15,53.6,41.4,95
Arizona,2020-09-16,2020-09-15,62.8,25.2,87.9
Arkansas,2020-09-16,2020-09-15,60,36.4,96.4
California,2020-09-16,2020-09-15,68.4,27.1,95.4
Colorado,2020-09-16,2020-09-15,69.2,23.7,92.9
Connecticut,2020-09-16,2020-09-15,69.9,27.3,97.2
Delaware,2020-09-16,2020-09-15,63.8,27.6,91.4
District of Columbia,2020-09-16,2020-09-15,62.5,28.9,91.4
Florida,2020-09-16,2020-09-15,62.7,26.3,89
Georgia,2020-09-16,2020-09-15,61.4,25.2,86.6
Hawaii,2020-09-16,2020-09-15,62.4,36.2,98.6
Idaho,2020-09-16,2020-09-15,68.9,30.7,99.6
Illinois,2020-09-16,2020-09-15,70.4,25.1,95.5
Indiana,2020-09-16,2020-09-15,69.7,27.8,97.5
Iowa,2020-09-16,2020-09-15,70.6,20.2,90.8
Kansas,2020-09-16,2020-09-15,69.2,28.4,97.6
Kentucky,2020-09-16,2020-09-15,67.7,23,90.7
Louisiana,2020-09-16,2020-09-15,59.1,27,86.2
Maine,2020-09-16,2020-09-15,57.7,39.9,97.6
Maryland,2020-09-16,2020-09-15,70.1,24.6,94.8
Massachusetts,2020-09-16,2020-09-15,68.4,26.7,95.1
Michigan,2020-09-16,2020-09-15,70.7,22.6,93.3
Minnesota,2020-09-16,2020-09-15,74.5,21.9,96.5
Mississippi,2020-09-16,2020-09-15,59.5,26.7,86.2
Missouri,2020-09-16,2020-09-15,65.2,30.4,95.6
Montana,2020-09-16,2020-09-15,59.2,26.8,86.1
Nebraska,2020-09-16,2020-09-15,71.2,23,94.2
Nevada,2020-09-16,2020-09-15,65.6,27.3,92.9
New Hampshire,2020-09-16,2020-09-15,66.3,28.7,95
New Jersey,2020-09-16,2020-09-15,68.3,25.1,93.4
New Mexico,2020-09-16,2020-09-15,57,30.8,87.8
New York,2020-09-16,2020-09-15,62.7,30.7,93.4
North Carolina,2020-09-16,2020-09-15,62,26.5,88.5
North Dakota,2020-09-16,2020-09-15,64.6,29.6,94.2
Ohio,2020-09-16,2020-09-15,69.9,25.1,95
Oklahoma,2020-09-16,2020-09-15,60.1,30.7,90.8
Oregon,2020-09-16,2020-09-15,68.5,28.1,96.6
Pennsylvania,2020-09-16,2020-09-15,68.6,26,94.6
Rhode Island,2020-09-16,2020-09-15,64.2,30.2,94.4
South Carolina,2020-09-16,2020-09-15,59.9,27,86.9
South Dakota,2020-09-16,2020-09-15,66.5,25.3,91.8
Tennessee,2020-09-16,2020-09-15,65.2,28.8,94
Texas,2020-09-16,2020-09-15,61.6,30.8,92.4
Utah,2020-09-16,2020-09-15,70.3,24.9,95.2
Vermont,2020-09-16,2020-09-15,59.8,36.8,96.7
Virginia,2020-09-16,2020-09-15,70.4,23.2,93.6
Washington,2020-09-16,2020-09-15,71.7,26.1,97.8
West Virginia,2020-09-16,2020-09-15,55.9,43.6,99.5
Wisconsin,2020-09-16,2020-09-15,71.7,25.6,97.3
Wyoming,2020-09-16,2020-09-15,60.3,30.4,90.6
Puerto Rico,2020-09-16,2020-09-15,34.1,60.8,94.9
U.S. Total,2020-09-17,2020-09-16,66,27.6,93.6
Alabama,2020-09-17,2020-09-16,62.6,23,85.6
Alaska,2020-09-17,2020-09-16,53.6,41.8,95.4
Arizona,2020-09-17,2020-09-16,62.9,26.1,88.9
Arkansas,2020-09-17,2020-09-16,60.1,36.8,96.9
California,2020-09-17,2020-09-16,68.4,27.4,95.8
Colorado,2020-09-17,2020-09-16,69.2,24.2,93.4
Connecticut,2020-09-17,2020-09-16,69.9,27.5,97.5
Delaware,2020-09-17,2020-09-16,63.9,28.2,92.1
District of Columbia,2020-09-17,2020-09-16,62.5,29.5,92.1
Florida,2020-09-17,2020-09-16,62.8,27,89.8
Georgia,2020-09-17,2020-09-16,61.5,25.9,87.4
Hawaii,2020-09-17,2020-09-16,62.4,36.4,98.9
Idaho,2020-09-17,2020-09-16,68.9,30.8,99.7
Illinois,2020-09-17,2020-09-16,70.4,25.4,95.8
Indiana,2020-09-17,2020-09-16,69.8,28.1,97.8
Iowa,2020-09-17,2020-09-16,70.7,20.8,91.5
Kansas,2020-09-17,2020-09-16,69.2,28.6,97.8
Kentucky,2020-09-17,2020-09-16,67.7,23.6,91.3
Louisiana,2020-09-17,2020-09-16,59.2,27.7,86.9
Maine,2020-09-17,2020-09-16,57.8,40.2,98
Maryland,2020-09-17,2020-09-16,70.2,25.1,95.2
Massachusetts,2020-09-17,2020-09-16,68.5,27.1,95.5
Michigan,2020-09-17,2020-09-16,70.7,23.2,93.9
Minnesota,2020-09-17,2020-09-16,74.6,22.3,96.8
Mississippi,2020-09-17,2020-09-16,59.5,27.6,87.1
Missouri,2020-09-17,2020-09-16,65.3,30.8,96
Montana,2020-09-17,2020-09-16,59.3,27.5,86.9
Nebraska,2020-09-17,2020-09-16,71.3,23.4,94.7
Nevada,2020-09-17,2020-09-16,65.7,27.7,93.4
New Hampshire,2020-09-17,2020-09-16,66.3,29.2,95.5
New Jersey,2020-09-17,2020-09-16,68.3,25.7,94
New Mexico,2020-09-17,2020-09-16,57.1,31.5,88.6
New York,2020-09-17,2020-09-16,62.8,31.2,94
North Carolina,2020-09-17,2020-09-16,62.1,27.3,89.3
North Dakota,2020-09-17,2020-09-16,64.6,30.2,94.8
Ohio,2020-09-17,2020-09-16,70,25.5,95.5
Oklahoma,2020-09-17,2020-09-16,60.2,31.3,91.5
Oregon,2020-09-17,2020-09-16,68.5,28.2,96.7
Pennsylvania,2020-09-17,2020-09-16,68.6,26.4,95.1
Rhode Island,2020-09-17,2020-09-16,64.3,30.7,95
South Carolina,2020-09-17,2020-09-16,59.9,27.7,87.7
South Dakota,2020-09-17,2020-09-16,66.6,25.9,92.4
Tennessee,2020-09-17,2020-09-16,65.3,29.3,94.5
Texas,2020-09-17,2020-09-16,61.6,31.5,93.2
Utah,2020-09-17,2020-09-16,70.3,25.4,95.7
Vermont,2020-09-17,2020-09-16,59.9,37.3,97.2
Virginia,2020-09-17,2020-09-16,70.4,23.6,94.1
Washington,2020-09-17,2020-09-16,71.8,26.3,98
West Virginia,2020-09-17,2020-09-16,55.9,43.7,99.6
Wisconsin,2020-09-17,2020-09-16,71.7,25.9,97.6
Wyoming,2020-09-17,2020-09-16,60.3,31,91.3
Puerto Rico,2020-09-17,2020-09-16,34.1,61.7,95.8
U.S. Total,2020-09-18,2020-09-17,66,28,94.1
Alabama,2020-09-18,2020-09-17,62.6,23.6,86.3
Alaska,2020-09-18,2020-09-17,53.7,42.2,95.9
Arizona,2020-09-18,2020-09-17,63,26.9,89.9
Arkansas,2020-09-18,2020-09-17,60.1,37.2,97.3
California,2020-09-18,2020-09-17,68.5,27.7,96.1
Colorado,2020-09-18,2020-09-17,69.3,24.6,93.9
Connecticut,2020-09-18,2020-09-17,70,27.7,97.7
Delaware,2020-09-18,2020-09-17,63.9,28.6,92.6
District of Columbia,2020-09-18,2020-09-17,62.6,30.1,92.7
Florida,2020-09-18,2020-09-17,62.8,27.7,90.6
Georgia,2020-09-18,2020-09-17,61.5,26.7,88.2
Hawaii,2020-09-18,2020-09-17,62.5,36.6,99
Idaho,2020-09-18,2020-09-17,68.9,30.8,99.8
Illinois,2020-09-18,2020-09-17,70.5,25.7,96.2
Indiana,2020-09-18,2020-09-17,69.8,28.3,98.1
Iowa,2020-09-18,2020-09-17,70.7,21.5,92.2
Kansas,2020-09-18,2020-09-17,69.2,28.8,98
Kentucky,2020-09-18,2020-09-17,67.7,24.1,91.9
Louisiana,2020-09-18,2020-09-17,59.2,28.4,87.7
Maine,2020-09-18,2020-09-17,57.8,40.5,98.3
Maryland,2020-09-18,2020-09-17,70.2,25.4,95.6
Massachusetts,2020-09-18,2020-09-17,68.5,27.4,95.9
Michigan,2020-09-18,2020-09-17,70.7,23.7,94.4
Minnesota,2020-09-18,2020-09-17,74.6,22.6,97.2
Mississippi,2020-09-18,2020-09-17,59.6,28.4,88
Missouri,2020-09-18,2020-09-17,65.3,31.1,96.4
Montana,2020-09-18,2020-09-17,59.4,28.2,87.6
Nebraska,2020-09-18,2020-09-17,71.3,23.9,95.3
Nevada,2020-09-18,2020-09-17,65.7,28.2,94
New Hampshire,2020-09-18,2020-09-17,66.4,29.7,96
New Jersey,2020-09-18,2020-09-17,68.4,26.2,94.6
New Mexico,2020-09-18,2020-09-17,57.2,32.3,89.4
New York,2020-09-18,2020-09-17,62.8,31.7,94.6
North Carolina,2020-09-18,2020-09-17,62.2,27.7,89.9
North Dakota,2020-09-18,2020-09-17,64.7,30.7,95.4
Ohio,2020-09-18,2020-09-17,70,25.9,95.9
Oklahoma,2020-09-18,2020-09-17,60.2,31.9,92.1
Oregon,2020-09-18,2020-09-17,68.5,28.3,96.9
Pennsylvania,2020-09-18,2020-09-17,68.7,26.8,95.5
Rhode Island,2020-09-18,2020-09-17,64.4,31.1,95.5
South Carolina,2020-09-18,2020-09-17,60,28.2,88.2
South Dakota,2020-09-18,2020-09-17,66.6,26.3,93
Tennessee,2020-09-18,2020-09-17,65.3,29.7,95
Texas,2020-09-18,2020-09-17,61.7,32.2,93.9
Utah,2020-09-18,2020-09-17,70.4,25.9,96.2
Vermont,2020-09-18,2020-09-17,59.9,37.7,97.6
Virginia,2020-09-18,2020-09-17,70.5,24,94.5
Washington,2020-09-18,2020-09-17,71.8,26.4,98.2
West Virginia,2020-09-18,2020-09-17,55.9,43.8,99.7
Wisconsin,2020-09-18,2020-09-17,71.8,26.1,97.9
Wyoming,2020-09-18,2020-09-17,60.4,31.6,92
Puerto Rico,2020-09-18,2020-09-17,34.1,62.4,96.5
U.S. Total,2020-09-19,2020-09-18,66.1,28.5,94.6
Alabama,2020-09-19,2020-09-18,62.7,24.4,87
Alaska,2020-09-19,2020-09-18,53.7,42.6,96.3
Arizona,2020-09-19,2020-09-18,63,27.7,90.7
Arkansas,2020-09-19,2020-09-18,60.1,37.6,97.7
California,2020-09-19,2020-09-18,68.5,28,96.5
Colorado,2020-09-19,2020-09-18,69.3,25.1,94.3
Connecticut,2020-09-19,2020-09-18,70,27.9,97.9
Delaware,2020-09-19,2020-09-18,64,29.2,93.2
District of Columbia,2020-09-19,2020-09-18,62.6,30.6,93.2
Florida,2020-09-19,2020-09-18,62.9,28.5,91.3
Georgia,2020-09-19,2020-09-18,61.6,27.5,89.1
Hawaii,2020-09-19,2020-09-18,62.5,36.7,99.2
Idaho,2020-09-19,2020-09-18,68.9,30.8,99.8
Illinois,2020-09-19,2020-09-18,70.5,26,96.5
Indiana,2020-09-19,2020-09-18,69.8,28.5,98.3
Iowa,2020-09-19,2020-09-18,70.8,22.1,92.9
Kansas,2020-09-19,2020-09-18,69.3,29,98.2
Kentucky,2020-09-19,2020-09-18,67.7,24.7,92.4
Louisiana,2020-09-19,2020-09-18,59.3,29.1,88.4
Maine,2020-09-19,2020-09-18,57.8,40.7,98.5
Maryland,2020-09-19,2020-09-18,70.3,25.8,96
Massachusetts,2020-09-19,2020-09-18,68.5,27.7,96.2
Michigan,2020-09-19,2020-09-18,70.8,24.2,95
Minnesota,2020-09-19,2020-09-18,74.6,22.9,97.5
Mississippi,2020-09-19,2020-09-18,59.6,29.2,88.8
Missouri,2020-09-19,2020-09-18,65.3,31.4,96.7
Montana,2020-09-19,2020-09-18,59.5,28.9,88.3
Nebraska,2020-09-19,2020-09-18,71.3,24.4,95.8
Nevada,2020-09-19,2020-09-18,65.8,28.7,94.5
New Hampshire,2020-09-19,2020-09-18,66.4,30.1,96.5
New Jersey,2020-09-19,2020-09-18,68.4,26.7,95.2
New Mexico,2020-09-19,2020-09-18,57.2,33,90.2
New York,2020-09-19,2020-09-18,62.9,32.2,95.1
North Carolina,2020-09-19,2020-09-18,62.2,28.4,90.6
North Dakota,2020-09-19,2020-09-18,64.7,31.3,96
Ohio,2020-09-19,2020-09-18,70,26.3,96.3
Oklahoma,2020-09-19,2020-09-18,60.3,32.5,92.8
Oregon,2020-09-19,2020-09-18,68.6,28.5,97.1
Pennsylvania,2020-09-19,2020-09-18,68.7,27.2,95.9
Rhode Island,2020-09-19,2020-09-18,64.4,31.5,95.9
South Carolina,2020-09-19,2020-09-18,60,28.9,88.9
South Dakota,2020-09-19,2020-09-18,66.6,26.8,93.4
Tennessee,2020-09-19,2020-09-18,65.3,30.2,95.5
Texas,2020-09-19,2020-09-18,61.7,32.9,94.6
Utah,2020-09-19,2020-09-18,70.4,26.3,96.7
Vermont,2020-09-19,2020-09-18,59.9,38.1,98
Virginia,2020-09-19,2020-09-18,70.5,24.4,94.9
Washington,2020-09-19,2020-09-18,71.8,26.5,98.3
West Virginia,2020-09-19,2020-09-18,55.9,43.9,99.8
Wisconsin,2020-09-19,2020-09-18,71.8,26.3,98.1
Wyoming,2020-09-19,2020-09-18,60.4,32.2,92.6
Puerto Rico,2020-09-19,2020-09-18,34.2,63,97.2
